x,y
0.0,0.02
0.0002498743893217,0.0195347688205919
0.0002678623078584,0.0190150300040016
0.000500000000002,0.02
0.0003131915845153,0.018542496409101
0.0006334967474381,0.0191993489956511
0.0007960110904426,0.0195662438652353
4.3865398300785285e-06,0.0167750220373743
0.0007174731793761,0.0188023081885422
0.0003494408091357,0.0180483430419082
0.0010000000000041,0.02
0.0003837182130647,0.0175507185493318
3.868400676183131e-05,0.016278043883434
7.295796189519047e-05,0.0157813932757965
0.0004179864561643,0.0170532727381696
0.0007631228902181,0.0183272731466458
0.0010939972025761,0.019124247082338
0.001255933379599,0.0195709051877747
0.0001071531344099,0.0152849617848801
0.0004521248490856,0.0165561268782007
0.0011761198020011,0.018604260269243
0.0007975008634344,0.017829368025722
0.0015000000000061,0.02
0.000831867932711,0.0173316394598234
0.0001413516819086,0.0147885923244112
0.0001754994763802,0.0142923143901128
0.0004860642794097,0.0160591640123126
0.0005199175605732,0.0155627426040413
0.0008659233891281,0.0168342319279973
0.0012114286328958,0.0181081777800993
0.001527892132958,0.019264429099052
0.0015789462191694,0.0188608482751801
0.0017509888966064,0.0195923181371468
0.0002102744153917,0.013796981336045
1.77117598087681e-05,0.0105325242993712
0.0005540661241204,0.0150664193473001
0.0008997044232199,0.0163370266699162
0.0016256847382473,0.01838691619821
0.0012457217958849,0.0176102745020982
0.0020000000000082,0.02
0.0012799746847588,0.0171125002580859
0.0002531610483863,0.0132953953626377
0.0002960910443408,0.0127895862598378
5.1667595961139845e-05,0.0100388014001495
0.0005881833726332,0.014570138993314
0.000623987426641,0.0140741624342033
0.0009328108173924,0.0158403537653355
0.0009669028116041,0.0153442586373887
0.00131427168973,0.0166148162788911
0.0016596970078336,0.0178889376954578
0.0020153792327425,0.0191710554214459
0.0020406421024905,0.0186539896458067
0.0022501648161093,0.0196086783578578
0.0006602715376854,0.0135781937036223
0.0003322754417214,0.0122912273564839
0.0003657086952641,0.0117958254435768
0.0003979672699983,0.0113014568376836
0.0004296390478345,0.0108083880348366
0.0004632419060468,0.0103150353698722
8.5233066757371e-05,0.0095443338022439
0.0010010900829391,0.0148479263561769
0.0013474087252549,0.0161180912462972
0.002070009777868,0.0181677631812947
0.001693481396599,0.0173910443091498
0.0025000000000103,0.02
0.0017275458973304,0.0168933013702943
0.0007020720460006,0.0130773870873547
0.0007430727882544,0.0125701274841268
0.0004969212485349,0.0098201484302287
0.0001177393857355,0.0090472121986306
0.0010377961425087,0.0143519890808494
0.0010778090911544,0.0138565956905598
0.0013807990839969,0.0156218536817555
0.0014140872582266,0.0151255319792303
0.0017620803736097,0.0163959716812748
0.0021041447170382,0.0176697634928084
0.0025000000000105,0.0193063213032708
0.0024869125948052,0.0189094174361198
0.0024822992848444,0.0184487912417752
0.0027500000000115,0.019603229164469
0.0011119722729233,0.0133599001600332
0.0007777231712536,0.01207250779748
0.0008109591137415,0.0115773721111308
0.0008425474094145,0.0110847600837174
0.0008753017372298,0.0105916978266902
0.0009092284348001,0.0100974651284279
0.0005296694427196,0.0093233525308257
0.0001515908401918,0.0085533363453822
0.000185831634477,0.0080594218338608
0.0002212256058502,0.0075651607816091
0.0014508850547881,0.0146291550707252
0.0017946844401204,0.015899490435242
0.0025166176442087,0.017950696908391
0.0021392035238667,0.0171722420448503
0.0029472224134652,0.0191648037426091
0.0030000000000123,0.02
0.00217429171152,0.0166747305929557
0.0011487741840489,0.012858350650809
0.0011858711573265,0.0123556718119338
0.0009425486688732,0.0096011049330105
0.0005634590247605,0.0088277945674646
0.0002551057823838,0.0070699321048106
0.0014887351154181,0.0141332665678583
0.0015263587660332,0.0136379484801873
0.001828053016379,0.0154031276282317
0.0018629833023206,0.0149066169579709
0.0022082826798977,0.016177279210176
0.0025512181500715,0.0174529361750517
0.0029040655354929,0.0187066547828475
0.0029300477486815,0.0182309232511376
0.0032499943677416,0.0195805596569848
0.0015600149839181,0.0131401418793218
0.0012209510039364,0.0118568041009229
0.0012552927236589,0.0113619749599177
0.0012877800005292,0.010869026153339
0.0013213773033478,0.0103744841403394
0.001355235557184,0.0098788896121788
0.0009758072608865,0.0091046984329715
0.0005970710541537,0.0083324868321279
0.0006322298243226,0.0078392679679143
0.000665836686713,0.0073441336624877
0.000288958237255,0.006574124862247
0.0018995649539892,0.0144112510231997
0.0022417576659493,0.0156808129083739
0.0029641932378224,0.0177330160782628
0.0025861307072607,0.0169555121777823
0.0032410826672112,0.0188672064567531
0.0035000000000144,0.02
0.0026208477002562,0.0164568021447663
0.0015942768652498,0.0126378636469461
0.0016304289312161,0.0121383771913181
0.0013884300691142,0.0093820754634304
0.0010093900847068,0.0086083954415905
0.0006991387988564,0.0068486315992944
0.0003169769110943,0.006079149881264
0.000316717803983,0.0055871492148284
1.3440736739284145e-06,0.0038257269291155
0.0019375815208256,0.0139153496189187
0.0019736572302082,0.0134195895033801
0.0022753051730426,0.0151845176772715
0.0023108649200284,0.0146882150580563
0.0026549150938968,0.0159590184009799
0.0029987228728965,0.0172349576562561
0.0034985017289835,0.0191802373978184
0.0033324435436586,0.018474582587558
0.003378195006774,0.0180106094534386
0.0037499915522632,0.0195722435997002
0.0020073256430889,0.0129216141092959
0.0016659175858034,0.0116416511764388
0.0016999308480009,0.0111471536604592
0.0017336681516554,0.0106519080628642
0.0017677135106238,0.0101560043707037
0.0018015799243561,0.0096596813360792
0.0014221289695276,0.0088857395392513
0.0010430235422425,0.0081123244071204
0.0010779680522646,0.0076189785895648
0.0011110046889204,0.0071230345051014
0.0007301682750647,0.0063548416790913
0.0003466326919865,0.0050946324879463
0.0003807189639886,0.0045991417025289
0.0004144190285709,0.0041031303126436
3.4953942736958704e-05,0.0033287887662026
0.0023481989847308,0.0141919808060993
0.0026886276967609,0.0154625328207715
0.0034126166710679,0.0175136154375844
0.0030335643533318,0.0167362056983506
0.0036869534300753,0.0187463185429301
0.0040000000000165,0.02
0.0030679016556303,0.0162380667883536
0.0020419173872631,0.0124228300303192
0.0020774825083624,0.0119223409658075
0.0018350772032254,0.0091634007509746
0.0014559352875098,0.0083895153391917
0.0011437591228015,0.0066257227820285
0.0007482505501765,0.0058601366925713
0.000767673120073,0.0053694326620368
0.0004489165917413,0.0036065837011612
6.96932928721701e-05,0.0028331794098258
0.0001082613646985,0.0023458044616089
0.0023853055625991,0.0136970267096087
0.0024210911357916,0.0132011210668358
0.0027227472286861,0.0149658564722091
0.0027587789973024,0.0144693796098137
0.0031022044970899,0.0157407533676954
0.0034468585959436,0.0170155935020409
0.0040762570183852,0.0191053815891424
0.003791294727692,0.0182837991188024
0.0038269026640298,0.017792341675615
0.004249988736362,0.019584825935543
0.0024551671529326,0.0127037766174257
0.0021118909458708,0.0114254250861063
0.002146108925229,0.0109294878001883
0.0021802180469388,0.0104334743641594
0.0022142460343911,0.0099373331173313
0.0022481642168358,0.009440979544279
0.001868882159666,0.0086669767896078
0.0014900783018124,0.0078939888340598
0.0015236458877292,0.0073971699637403
0.0015568482351836,0.0068996888022088
0.0011737263914203,0.0061347650858518
0.0007940597787641,0.0048765587373217
0.0008284289432454,0.0043802979979331
0.0008628444073826,0.0038843489828343
0.0004832756149212,0.0031097199252403
0.0001667495142967,0.0018681646172209
0.0002170434158582,0.0013568838494942
0.0027951825439079,0.0139739684541861
0.0031360527360819,0.0152438856253562
0.0038610524281432,0.0172942115868214
0.003481126188992,0.0165176809762614
0.0041821408945212,0.018566704107506
0.0045000000000185,0.02
0.0035154120693623,0.0160198706721761
0.0024882148807695,0.0122043225883664
0.0025240626035198,0.0117060004789864
0.0022819734203144,0.0089445348536598
0.0019026826017516,0.0081704668363815
0.0015912870193439,0.006404816835665
0.0011905408399912,0.0056420876802507
0.0012096777688036,0.0051518610733483
0.0008975509031968,0.0033878219331738
0.0005178579173495,0.0026140974563071
0.0005442414397883,0.0021270475685713
0.0028321531303516,0.0134781705192663
0.0028686298353281,0.0129824615889201
0.0031699737936402,0.0147465709065609
0.0032056502772653,0.0142500695393887
0.0035496398352085,0.0155222346209643
0.0038951921093847,0.0167962176681697
0.0045270315737188,0.0192483259724863
0.0042412971073194,0.0180710975500456
0.0042754248616031,0.0175728464467737
0.0045782374924152,0.0188417409777749
0.0047549609293247,0.0195890784790357
0.0029027514539724,0.0124849932205399
0.0025584300756448,0.0112080428852399
0.0025927749517809,0.0107112598587825
0.0026270535960977,0.0102150387737201
0.0026610996596467,0.0097186363532807
0.0026950443842445,0.009222154235771
0.0023158110584586,0.0084479780600586
0.0019363855302734,0.0076738311196247
0.0019700293218898,0.0071770665988734
0.002003699214653,0.0066802726938406
0.0016111473228822,0.0059125583842492
0.0012412705304601,0.0046571707788255
0.0012763813754635,0.0041615212694339
0.0013115862802666,0.0036653750598759
0.0009311403519434,0.0028906763012217
0.0005296797452004,0.0016948110207851
0.000249948690523,0.0004330107554202
0.0,0.0
0.0004989169113226,0.0008658788619654
0.0032414515649791,0.013756454723839
0.0035836754742587,0.0150247504972664
0.0043090917793756,0.0170748065613437
0.0039293333410146,0.0162983641668901
0.0046557834452154,0.018349902946902
0.0050297768395068,0.0191353980595667
0.0050000000000206,0.02
0.0039634440689185,0.0158006394386929
0.0029368998684901,0.0119863890627314
0.0029714573419811,0.0114894822856669
0.0027287579608371,0.0087255839552256
0.0023496402071409,0.0079513777707651
0.0020361686217852,0.0061869788758392
0.0016327698865916,0.0054237721834468
0.0016554341460715,0.0049347614628745
0.0013452091682922,0.0031681688587016
0.0009637564070264,0.0023946449288775
0.0007279609523236,0.0013312068332325
0.0009703750253805,0.0018197703128063
0.0032797859835523,0.0132605673922948
0.0033163705533101,0.0127637734695941
0.0036176835596753,0.0145272341904734
0.0036518279078762,0.0140299471156538
0.0039975538044581,0.0153030188855096
0.0043433415396337,0.0165768149627738
0.0046896314631502,0.0178515207717785
0.0047231421835971,0.0173534762758427
0.005070372659873,0.0186287921406318
0.0052535710765836,0.0195995904603057
0.0033507174615912,0.0122664979695169
0.0030058799296345,0.010991200417485
0.0030400450804837,0.010493399207646
0.003074286363308,0.0099964105076332
0.0031084329798135,0.0094994195117954
0.0031421715992577,0.0090020685660374
0.0027625314741073,0.0082288651420539
0.0023834239413768,0.0074546260340862
0.0024171244052752,0.0069577616463466
0.0024506663920921,0.0064647412339156
0.0020541827686987,0.0056983715436993
0.0016897848662502,0.0044387673462873
0.0017248408811367,0.0039427499729726
0.0017594850174679,0.0034460456325655
0.0013779683723285,0.00267081559889
0.0004999999999992,0.0
0.000758236544354,0.0004374770188086
0.0010506264433997,0.0009106235621049
0.0036889167721315,0.0135378272424738
0.0040315774400479,0.0148053470549504
0.0047566720964578,0.0168554521226965
0.0043772897745232,0.0160790498238484
0.0051039164991185,0.0181304761946035
0.005496402086519,0.0192860112857851
0.0055000000000227,0.02
0.0044114674995929,0.0155813557382105
0.0033849789417607,0.0117687688982112
0.0034191754767631,0.011270776020445
0.0031757701235864,0.0085053964616194
0.0027968502799448,0.0077322965873426
0.0024808571482225,0.0059733871197249
0.0020698261210701,0.0052115539393034
0.0021031748558846,0.0047158841762121
0.0017913455870676,0.002947406059697
0.0014055762523324,0.0021583796876026
0.0011410683475215,0.0013970104288634
0.003726974213374,0.0130415873654623
0.0037642935802813,0.0125449277965052
0.0040655610079059,0.014307641971965
0.0040995053386461,0.0138099519375358
0.0044455776875984,0.0150837022422824
0.004791033577481,0.0163578496394721
0.0054947391818926,0.0188818846855115
0.0051372306276223,0.0176324630653499
0.0051710809325192,0.017134739138381
0.0055192154369107,0.0184091352710134
0.0057402866041079,0.0195870549374466
0.0037986558294739,0.0120474163430824
0.0034533966511533,0.0107742422471298
0.0034877970685611,0.0102749093542049
0.0035218539527229,0.0097770558392619
0.0035560478587807,0.0092794660949574
0.0035895839147553,0.0087820180099934
0.0032094339510722,0.0080093868189299
0.002830655320855,0.0072353041352476
0.002864310758304,0.0067381737603656
0.0028927449572732,0.006248488544641
0.0024943275116404,0.0054819787596321
0.0021377808589532,0.0042197904122955
0.0021728985374388,0.0037237404321987
0.002205353359146,0.0032248408298837
0.001823256392845,0.0024457243397213
0.0014419214820086,0.0016669371502811
0.0009999999999981,0.0
0.0012499272208816,0.0004153489333611
0.0014866164259314,0.001173234543217
0.0041370044193383,0.0133183416695562
0.0044795849886653,0.0145859888885916
0.0052048791694385,0.0166369412140539
0.0048252732469873,0.0158599237346638
0.0055518454866991,0.0179117633710157
0.0058911678301495,0.0191474878241623
0.0060000000000247,0.02
0.0048596248882498,0.015362147449148
0.0038329666346449,0.0115498650620145
0.003867208677884,0.0110519180204939
0.0036238517396341,0.0082847409453394
0.0032439832591945,0.0075130987556209
0.0029136748286369,0.0057601863640969
0.0025168189598425,0.004993298922198
0.0025508184767049,0.0044965519025411
0.0022375248898679,0.0027246904690611
0.0018569035119472,0.0019482351656809
0.0014999999999969,0.0007586121538345
0.0041758101009406,0.0128228285400503
0.0042124730912464,0.0123260111327612
0.0045135831022316,0.014088246884777
0.0045475446937997,0.0135905250497482
0.0048936943183734,0.014864327329042
0.0052390201804117,0.0161390956738121
0.0059336192757581,0.0186787440653279
0.0055851133620912,0.0174144741132193
0.0056191884206944,0.0169163907223614
0.0059654497815864,0.0181902217547509
0.0062782592876143,0.0195005557785597
0.0042468001219864,0.0118282618098628
0.0039014342008966,0.0105537577562452
0.0039357626091853,0.0100552212619409
0.0039700119655696,0.0095575100481416
0.0040042327405654,0.0090587245945146
0.0040381200003287,0.0085600993931423
0.0036579580561448,0.0077878689044047
0.0032777082982869,0.007015855400955
0.0033096414186007,0.006524283467703
0.0033319925375724,0.0060353548574016
0.0029316371108788,0.0052703405672158
0.0025850967564236,0.0040002934452408
0.0026185756944426,0.0035023201892512
0.0026512555363375,0.003001585245921
0.0022702197435263,0.0022248190573964
0.0018906235732109,0.0014493618084463
0.0014999999999969,0.0
0.0017499999999963,0.000433012701891
0.0019464170733696,0.0009000901536964
0.0045861718809664,0.013098313902138
0.0049276224540615,0.0143665512940189
0.0056530937363053,0.0164183217939498
0.0052737005660158,0.0156406671020196
0.005999439669559,0.0176938658551286
0.0063296904065554,0.0189586272600847
0.0065000000000257,0.02
0.0053078751798095,0.0151427411930214
0.0042811942467565,0.0113305283949122
0.004315487698031,0.010832281544026
0.0040722443919172,0.0080636760839466
0.0036917966351759,0.0072911475655303
0.0033506932327715,0.0055453099611767
0.0029646804440874,0.0047736235786638
0.002998533192259,0.004276666375691
0.0026846448462622,0.0025023156134788
0.0023039617325151,0.0017255911286981
0.0046244277920447,0.0126032026074659
0.0046607973307886,0.0121069603111667
0.0049627937930631,0.0138715765351174
0.0049970511689982,0.0133725056503827
0.0053419026596608,0.0146448095791508
0.0056876564264128,0.0159196430099047
0.0063777112878836,0.0184666947537987
0.0060335573396054,0.0171953823547387
0.0060676578901911,0.0166969933770763
0.0064138241277567,0.0179720748007466
0.0067308783956439,0.0191833900655266
0.0067426387691414,0.0196580013282222
0.0046952078730924,0.0116090055694521
0.0043496922486069,0.0103338618662608
0.0043840139614571,0.0098358499818244
0.0044182926783497,0.0093375837863193
0.0044526097379051,0.0088385303277545
0.0044870366167964,0.0083399417827196
0.00410814825802,0.0075654479249241
0.0037236098253959,0.006796337051826
0.0037516471716928,0.0063047167306745
0.003774042080149,0.0058141239766227
0.0033788632135677,0.0050518744617981
0.0030322142250698,0.0037791866100279
0.0030656205155334,0.0032802131159057
0.0030992364888918,0.0027808290851371
0.0027185751063415,0.0020039826052027
0.0023450261101304,0.0012416986660951
0.0019999999999956,0.0
0.0022366696520455,0.0004374238078009
0.0050379478964651,0.0128785804013895
0.0053770453903672,0.0141508405072958
0.0061018216239985,0.0161985452131406
0.0057218794407067,0.0154215217846216
0.006448154229674,0.017474128688102
0.0067845692372702,0.0187300781076362
0.0070000000000251,0.02
0.0057555707011921,0.0149241884970648
0.004729528409208,0.0111109380513557
0.004763868404834,0.0106126851748881
0.004521447121358,0.0078422702198177
0.0041412578809819,0.0070652174664534
0.0037922992749875,0.0053263701172517
0.0034126308549647,0.0045540716464437
0.0034462061677937,0.0040560456938979
0.0031331751859061,0.002282526507561
0.0027525291648139,0.0015056108334391
0.0024184858751317,0.0008169997788961
0.0050745142792729,0.0123848965680248
0.0051093208023965,0.0118877467150655
0.0054142619279273,0.0136559583346966
0.005452381467795,0.0131598848809863
0.0057864217682433,0.0144308643109255
0.006136193487996,0.0157001374638889
0.0068261981504373,0.0182482079963137
0.0064822634584799,0.0169756840060345
0.0065163077754109,0.0164772387749636
0.0068625503428105,0.0177531605851377
0.0072030312478784,0.0189999724440986
0.0072321325569815,0.0195393798024525
0.0051437317793282,0.0113896685088061
0.0047982532045022,0.0101144372922352
0.0048326141673219,0.0096161338815521
0.0048668838811838,0.00911754132356
0.0049012716544104,0.0086189093621904
0.0049354832072401,0.008120670851877
0.004555694282748,0.0073442820279947
0.0041753687019538,0.006567196514035
0.0041954319930223,0.0060847461416688
0.004216446476095,0.0055974785278628
0.0038267831084906,0.0048317912200373
0.0034800413973165,0.0035579394590853
0.0035138130549974,0.0030593762195292
0.0035477919675671,0.0025610650385358
0.003167138653689,0.0017845517801252
0.0027876359663598,0.0010203773375014
0.0024999999999944,0.0
0.0027766805737535,0.0004854089293866
0.005488568980886,0.0126636306404131
0.0058292697392472,0.0139352829898657
0.0065506059447899,0.015978732609254
0.0061703884504616,0.0152019480721572
0.0068969010683651,0.0172544297098713
0.0072409324777424,0.0185284214566097
0.0075719976530373,0.0192047995244782
0.0075000000000228,0.02
0.0062045668673766,0.0147036479500974
0.005178164590596,0.0108915106544733
0.0052125597722322,0.0103932236441732
0.0049697710744436,0.0076225098648138
0.0045896800988002,0.0068458651592501
0.0042394451384621,0.0051068279855473
0.00386071900359,0.0043344285485742
0.0038946222323424,0.0038362483645368
0.0035817313811007,0.0020626952055842
0.003201254132927,0.0012879547164427
0.0055234204636401,0.0121664158667505
0.005557900140973,0.0116684446984695
0.0058668488024329,0.0134397190666101
0.0059031623872214,0.0129433952443902
0.0062456955867288,0.0142069948524768
0.0065848090416066,0.015480434094255
0.0072762614773052,0.0180312479784541
0.0069309756904297,0.0167559534530878
0.0069651460640921,0.0162574980000583
0.0073113495649568,0.0175333548620099
0.007648763236335,0.0187923114440831
0.0077739971659123,0.0195713309046588
0.0055924069316476,0.0111704195193285
0.0052469462322483,0.0098949087954883
0.0052812950461905,0.0093964821098853
0.005315612669207,0.0088979618543545
0.0053498929304528,0.0083995459439628
0.0053841253294549,0.0079012185468463
0.0050038964145213,0.0071244317232958
0.0046211620545068,0.0063516663493961
0.0046387133052624,0.0058674429331596
0.0046553874701159,0.0053796035018413
0.0042748373013027,0.0046120557384207
0.0039284533568401,0.0033379410595752
0.0039624238164379,0.0028396207887395
0.0039963103926311,0.0023412575622156
0.0036152046211024,0.0015652855838912
0.0032353201367413,0.0007871445049464
0.0029999999999931,0.0
0.005937608121418,0.0124452261978373
0.0062797232845186,0.013712543601716
0.0069993102265423,0.0157591080849742
0.0066189782015192,0.0149822054167777
0.0073456527709463,0.0170347132010755
0.007691263319071,0.0183114212327052
0.0080539011155448,0.0191189923140421
0.0080000000000205,0.02
0.0066552205810886,0.014484300959507
0.005626819241002,0.0106721300636883
0.0056613480337507,0.0101737827097458
0.0054183477016292,0.0074030308642414
0.0050380745975606,0.0066263491519737
0.0046892038398636,0.004890509329414
0.0043090493539136,0.0041145855162089
0.0043430622044392,0.003616473591316
0.004029881780193,0.0018432353755699
0.0036493817228338,0.0010658451374596
0.0032499999999926,0.0003540086772826
0.005972046394995,0.0119471786572454
0.0060064871727743,0.0114491890711423
0.0063148174133019,0.0132183247898118
0.0063507608721345,0.0127233713135905
0.0066910366329862,0.0139872480841549
0.0070334625490463,0.0152607659672349
0.007725275008813,0.0178129217379484
0.0073797293879478,0.0165362362666322
0.0074138522706468,0.0160377916105091
0.0077601126346215,0.0173136860354682
0.0081069038290157,0.0185868342275158
0.0082500065530581,0.0195669910815074
0.0060409850189992,0.0109509985483031
0.0056957870184036,0.0096753250829315
0.0057300823421137,0.0091769002932762
0.0057643498637552,0.0086784668504435
0.0057986106791738,0.0081800668580533
0.005832876643068,0.0076817031572161
0.0054516887009449,0.0069055145660452
0.0050626599096102,0.0061364715166924
0.005081191928224,0.0056546915614959
0.0051022848473642,0.0051647464556084
0.0047234252643029,0.0043930512327244
0.0043770318300534,0.0031181753334275
0.0044110154473154,0.0026198061790767
0.0044446781526613,0.0021216851565647
0.0040618400558708,0.0013474312881654
0.0037100193599894,0.0005005459651253
0.0034999999999919,0.0
0.0063861712136265,0.0122258995884701
0.0067268687945449,0.0134905145196161
0.0074479854890719,0.0155394262285338
0.0070674918907745,0.0147625065011392
0.0077943640121936,0.0168150083958858
0.0081403935200966,0.0180910583248622
0.0085256383978624,0.0188480344475418
0.0085000009735932,0.0192626445685097
0.0085000000000183,0.02
0.0071017131604019,0.0142640961544787
0.0060756852500289,0.0104527363781512
0.0061103375619145,0.0099543393683099
0.0058670915639808,0.0071834098058237
0.005479034788782,0.0064144787193649
0.0051375828080324,0.0046707444142326
0.0047575855230486,0.0038950509733028
0.0047916536307016,0.0033967708660515
0.004477206439304,0.0016250414840455
0.0040955114485532,0.0008717696650009
0.006420762190122,0.0117277992638661
0.0064551893928972,0.0112296631553485
0.0067604435617154,0.0129974489411531
0.0067988565194386,0.0125035823378047
0.0071370119307656,0.0137657576293829
0.007482024918209,0.0150410777128243
0.0081745069840348,0.0175929203008334
0.0078284874436526,0.0163165430050904
0.0078625445893841,0.015818123302487
0.0082087848182906,0.0170940641334059
0.0085553604559793,0.0183700892068141
0.0087386500977326,0.0195935683679286
0.0089751558390313,0.0191612237493875
0.0064901056764973,0.0107316121658866
0.0061446430490128,0.0094558228261738
0.006178908736778,0.0089573538056194
0.0062130862805731,0.0084589376596459
0.0062473677467536,0.0079605509298801
0.0062816167322036,0.0074621405795966
0.0058928353524718,0.0066916591505764
0.005499549113839,0.0059280211961949
0.0055199148603715,0.0054417308772596
0.0055521085447841,0.0049492202516833
0.0051719726168206,0.0041734142349799
0.004825673631969,0.0028984187574089
0.004859656839689,0.0023999438438472
0.0048935974815417,0.0019013878704377
0.0044982904444756,0.0011500139180895
0.0042558791353944,0.0004241415264731
0.0039999999999906,0.0
0.0068351238070613,0.0120067400560285
0.0071702383558303,0.0132681127726565
0.0078965942332331,0.0153197438004688
0.0075160733484479,0.0145427072426235
0.0082429456263277,0.0165953593923786
0.0085891462989049,0.0178718169789045
0.0089719895156697,0.0186463466439793
0.0090000000000171,0.02
0.0075499775943774,0.0140442779896484
0.0065248617231957,0.0102333248790778
0.0065593108315839,0.009734793490293
0.0063139678398337,0.0069651698594424
0.0059148983811894,0.0062017184973085
0.0055865026837495,0.004451692793369
0.0052061988662668,0.0036754000554224
0.0052403697284328,0.003177106485431
0.0049180436598713,0.0014169193487397
0.0045004530384638,0.0007451790520832
0.006869718058208,0.0115087158287541
0.0069043090000808,0.0110104934762952
0.0072105509637585,0.0127776209065602
0.0072494664624385,0.0122837946220953
0.0075839691409895,0.0135458883541546
0.007930617232433,0.0148213465883177
0.0086233150951795,0.0173731188427917
0.0082770751442865,0.0160968336365904
0.0083111898578288,0.015598423584929
0.0086574645573864,0.0168742918330774
0.0090039435211396,0.0181507495202703
0.009233444084388,0.0196023342875707
0.0094041522730375,0.0188995239628131
0.006939603673782,0.0105124565581441
0.0065934752587507,0.0092362695388355
0.0066276385560292,0.0087378803740915
0.0066617734982771,0.0082395798038509
0.0066961399004044,0.0077410149709095
0.0067273060178349,0.007245870848462
0.0063299395899407,0.0064822343176717
0.0059395948148569,0.0057190360050482
0.0059672216341427,0.00522749426006
0.0060010496422253,0.0047302578707759
0.0056207946959121,0.003954030138289
0.0052743837854345,0.002678632520531
0.0053083936270238,0.0021801051333778
0.0053342411459885,0.001693640838442
0.0049619231781204,0.0009013862260747
0.0044999999999894,0.0
0.0047429002782549,0.0004159923741148
0.0072847024163128,0.0117870655116
0.0076229530191343,0.0130526098775989
0.0083452364074522,0.015100028318617
0.0079646152944913,0.0143229385093323
0.0086916196419507,0.0163757179575303
0.0090380090456262,0.0176520595537779
0.0094188133406867,0.0184295997500161
0.0094441468142152,0.0192800021919758
0.0095000000000175,0.02
0.0079986060335125,0.0138245258999192
0.0069739407869797,0.0100138440208124
0.0070081388634403,0.0095152126645771
0.0067465269856871,0.0067604732935622
0.0063490418482705,0.0060036699524017
0.0060352615678381,0.0042323948910514
0.0056550734222521,0.0034558268969654
0.0056889772123731,0.002957324870484
0.005297341434962,0.0012526328630429
0.0073190766155932,0.0112896058821052
0.0073538382847151,0.0107912974489047
0.0076613478639938,0.0125601768880526
0.0077005323018788,0.0120649984294403
0.008034950609149,0.0133294568294179
0.0083792487209757,0.0146016209538549
0.0090720936224628,0.0171534093830029
0.00872574320342,0.0158771390532501
0.0087598660575111,0.0153787101721154
0.0091061756800894,0.0166546920834651
0.0094528421312392,0.0179308980849843
0.0097198490141685,0.019605146223696
0.0098369331312134,0.0187036415227975
0.0098177736506473,0.0191656880549792
0.007388592811578,0.0102929191343255
0.0070422244318034,0.0090167444143204
0.0070763121867917,0.0085184983240541
0.0071101420720101,0.0080206670122163
0.0071417564050534,0.0075259639490938
0.0071633854097394,0.0070366215604044
0.0067637796754358,0.0062820530423064
0.0063816605831185,0.005507204869931
0.0064156668556962,0.0050088635764239
0.0064498064543509,0.0045108866985606
0.0060696981155926,0.0037344149354269
0.0057224796329825,0.0024591339894956
0.0057553752178966,0.0019622517732316
0.0057673992961692,0.0013789261173542
0.0055050998946608,0.000872291784604
0.0052500295035063,0.0004330408670027
0.0049999999999881,0.0
0.0077342972526968,0.0115685382511765
0.0080734214527163,0.0128365486616637
0.0087939103014308,0.0148802919272087
0.0084132612581317,0.0141031893141324
0.0091403136401944,0.0161559917464205
0.0094868860324679,0.0174322185907533
0.009868242259402,0.0182089249077371
0.0100000000000196,0.02
0.0084472737746386,0.0136047437012268
0.0074227685449952,0.0097942437590211
0.0074566414727679,0.0092957534553921
0.00718102861454,0.0065528585166919
0.0067965152882706,0.005785659992562
0.0064839426784771,0.0040128694743953
0.0061035285279153,0.0032358668379955
0.0061371267520031,0.0027372509486809
0.0077688479210351,0.0110704861403628
0.0078032064001121,0.0105719775399262
0.0081152575033485,0.012342682803642
0.0081492649060041,0.0118478822854399
0.008484968705063,0.0131103330827823
0.0088279312164673,0.0143818526314776
0.0095209233635283,0.0169335657608513
0.0091744942178424,0.0156574378996601
0.0092085831214294,0.0151589753326564
0.0095549708587423,0.0164349341162706
0.0099017291668729,0.0177110370348308
0.0102432984529626,0.0194995779132161
0.0102825451321612,0.0184837768102052
0.0102446447175423,0.018964220071147
0.0078374488063357,0.0100733412563311
0.0074908380085752,0.008797300974207
0.007525033688301,0.0082991070501423
0.007558872701482,0.0078012302216466
0.0075834527457416,0.0073092773514003
0.0076024703354088,0.0068267011794847
0.0072108958588602,0.006064826911051
0.0068302763476599,0.0052876217223974
0.0068643273348286,0.0047894113102647
0.0068984457160407,0.004291320560399
0.0065180048888792,0.0035142988770931
0.0061707130799091,0.0022389918742455
0.0062045762163861,0.0017357815736444
0.0060029388593263,0.0008678689598107
0.0057500135862884,0.0004330123908647
0.0054999999999869,0.0
0.0081834561812967,0.0113494660584715
0.0085246233463942,0.0126190131304994
0.0092426110405305,0.0146605198375
0.0088619457706221,0.0138834225621452
0.0095891494098329,0.01593627215644
0.0099357632684868,0.0172123593782435
0.0103165847279268,0.017989863336527
0.0105000000000217,0.02
0.0088968549680752,0.0133867892098181
0.0078710417360139,0.0095748561630893
0.0079048372517797,0.009076162757138
0.0076239212954321,0.006340154557085
0.0072449226919725,0.0055663568592485
0.0069324262665044,0.0037926462386815
0.0065517300584941,0.0030153955428523
0.0065854084165671,0.002516796361214
0.0063151413275303,0.0012518812426926
0.0082178090117294,0.0108509872862468
0.0082521699988125,0.0103524487407176
0.008564356542144,0.0121256176304635
0.0085980605445572,0.0116286084943477
0.0089369956807687,0.0128916468014446
0.0092766102071127,0.0141620711940242
0.009969807591741,0.0167137211577899
0.0096232360301699,0.0154377275092542
0.0096573146353997,0.014939213420542
0.0100038525551771,0.0162150984793974
0.0103506189113251,0.017491173675936
0.0106060795865384,0.0191792678452258
0.0106974264563492,0.018767321339609
0.0107314395005336,0.0182686896834136
0.0107721411663645,0.0195516035273851
0.0082863237524507,0.0098538260018926
0.007939748096024,0.0085778468669419
0.0079739348102284,0.0080794558557509
0.0079978347999684,0.0075878309420892
0.0080193386950647,0.0071027175089029
0.0080409648689205,0.0066142623228852
0.0076595936477534,0.0058450499348033
0.0072789431918764,0.00506792010338
0.0073130068282917,0.0045696330440466
0.0073469701323415,0.0040712508347048
0.0069663190036121,0.0032936183043815
0.0066192409847678,0.0020182051067187
0.0066647216579678,0.0015477190036892
0.0065001763405108,0.000829359145374
0.0062500041389985,0.0004313029012555
0.0059999999999856,0.0
0.008632407700158,0.011130059910971
0.0089758844754472,0.0123990588864562
0.0096913736905937,0.014440722824945
0.0093108288059537,0.013663831007143
0.0100379679633512,0.0157164911010153
0.0103846447461417,0.0169925064103889
0.0107654743944969,0.0177699788193468
0.0110728871394733,0.0191136163747716
0.0110000000000237,0.02
0.0093482814708869,0.0131674287002702
0.008318050606972,0.0093560154697305
0.008349934004628,0.0088564435720643
0.0080740031375127,0.0061231912669254
0.0076936121763878,0.005346583494867
0.0073808751796761,0.0035725193811151
0.007000079522464,0.0027950564335275
0.0070338955620637,0.0022963628891514
0.0067510355948219,0.0011516326562828
0.0086667658689621,0.0106314853270316
0.0087011198849177,0.010132905953793
0.0090111615988173,0.0119064422524798
0.0090469860470922,0.0114090825369885
0.0093846748320252,0.0126719635069435
0.0097255212214498,0.0139421630116595
0.0104186907583699,0.0164938628015875
0.0100720355154874,0.0152179341134548
0.0101060706863414,0.0147194165235117
0.0104527490149634,0.0159952489454137
0.0107994978262951,0.017271308575393
0.0111463025292836,0.0185475538676509
0.0111803184628283,0.0180488287058038
0.0112125382685164,0.019599363938047
0.0087348801590541,0.0096349958518104
0.0083886586955117,0.0083581876430398
0.0084115514817544,0.0078642695140771
0.0084362992153291,0.0073771429819011
0.0084550102050198,0.0069010902756571
0.0084891387107359,0.0064009897383259
0.0081082567521543,0.0056251812366176
0.0077276163412488,0.0048481047194177
0.007761593322415,0.0043495882280602
0.0077955640261184,0.0038510386038734
0.0074148138792923,0.0030737552665074
0.0070666251554101,0.0017998821510851
0.0070967736759635,0.0013076854752893
0.0067500016068452,0.0004227903896956
0.0070513491715128,0.0008476858739485
0.0064999999999846,0.0
0.0090813421600297,0.0109105207850257
0.0094230708154311,0.0121759918245353
0.0101401285545279,0.014220918288126
0.0097597979808791,0.0134437041592792
0.0104867852544765,0.0154966654021319
0.0108335152376093,0.0167726485882116
0.0112143570802916,0.0175501140319235
0.0115259908488511,0.0192525866340349
0.0115000000000258,0.02
0.009795506080861,0.0129452437077134
0.0087608930777012,0.0091401072007441
0.0087805134536496,0.0086384951605677
0.0085230003355945,0.0059036141317204
0.0081423202602358,0.0051267911189554
0.0078295460294698,0.0033524587651048
0.0074487262087548,0.0025750977253213
0.0074823335018385,0.0020769786795045
0.0091156804672327,0.0104118945235753
0.0091500404671061,0.0099133485248574
0.0094592563613938,0.0116806779205
0.0094936437245213,0.0111841597955547
0.0098329936618564,0.0124488468280837
0.0101742100020632,0.0137223620546365
0.0108675302974153,0.0162740154775351
0.0105208057860177,0.0149981218402695
0.0105548295386187,0.0144995982951642
0.0109015409160473,0.0157754162796606
0.0112483677365267,0.0170514388021038
0.0115611977648979,0.0188264313916331
0.0115952086778157,0.0183276701943734
0.0116292315887959,0.0178289392663151
0.0118111067795538,0.0196107407426169
0.0091817852859609,0.0094187953186978
0.0088128385248186,0.0081412518225561
0.0088486321044884,0.0076573252010509
0.0088712475032581,0.0071775534004256
0.0089040660901346,0.0066807841087802
0.0089378063085557,0.0061826316261134
0.008557029636764,0.0054054927745602
0.0081763222507397,0.0046282860324757
0.0082103297556312,0.0041297519400123
0.0082443114119235,0.0036312223152921
0.0078635562629844,0.0028538449538815
0.0075144782255998,0.0015810098022895
0.0075114569824796,0.0011108511150379
0.006999999999984,0.0
0.0072499999999841,0.0004019046275635
0.0095281841303116,0.0106884281167406
0.0098724247813664,0.0119500402126143
0.0105888479904659,0.0140010472948337
0.0102081235452884,0.0132237989343781
0.0109355543715969,0.0152768491227609
0.0112823691571479,0.0165527885591857
0.0116632495010516,0.0173302331966611
0.0120119261074139,0.0191493747370479
0.0120000000000278,0.02
0.0102421211206238,0.0127252880004117
0.0092020347692319,0.0089256301730195
0.0092215269089706,0.0084338194790727
0.0089717674678446,0.00568419814778
0.0085910474284164,0.0049069895355187
0.0082782682274195,0.0031326348896788
0.0078975528718136,0.0023551903041385
0.0079315193339745,0.001856492075913
0.0074999999999843,0.0007095777083961
0.0095645034548207,0.0101920378301439
0.0095989493394556,0.0096938802564711
0.0099061692258008,0.0114538279336551
0.0099413157201955,0.0109626771388763
0.0102792356298559,0.0122272993761197
0.0106228549215675,0.0135025059652359
0.0113163553873953,0.0160541561985648
0.0109695658109865,0.0147782970389101
0.0110035726051726,0.0142797541110281
0.0113503181995484,0.0155555793329589
0.0116972449372153,0.0168315630255228
0.0120160790347533,0.0186138524901402
0.0120441157003648,0.0181077621580433
0.0120781338123393,0.0176090448230658
0.0122553361114854,0.0195992512558119
0.0096237920072434,0.0092035602033462
0.009254887396534,0.0079457680693746
0.0092871094553739,0.0074545899291207
0.009318915577266,0.0069593516039988
0.0093525530117281,0.0064613865501659
0.0093865076655536,0.0059629477686034
0.0090057750632569,0.0051857000498711
0.0086250301487032,0.0044084997554162
0.0086590086270258,0.003909981715325
0.0086929354505074,0.0034113627974099
0.008312371073987,0.0026339649840383
0.0079526327848739,0.0013775694577568
0.0079873882887364,0.0008699330213231
0.0074999999999839,0.0
0.0077499999999839,0.0004010164626932
0.0099785703286522,0.0104687739066266
0.010310132277268,0.0117282596173101
0.0110375766425454,0.0137812227790033
0.0106568503255292,0.0130039945042758
0.0113843183415189,0.0150570216892821
0.0117312013467253,0.0163329092631765
0.012112148627632,0.0171103469193943
0.01244602852479,0.0188708086753784
0.0124656930290299,0.0192671464027261
0.0125000000000299,0.02
0.0106908548960281,0.0125054772926003
0.009643697881866,0.0087190036756882
0.0096643102827456,0.0082306323140732
0.0094205095755562,0.0054644240378416
0.0090397696097341,0.0046872021511341
0.0087268497913582,0.0029127586087562
0.0083463467635618,0.0021352766541871
0.0083693105294611,0.0016530871722892
0.0100133914165037,0.009973089072339
0.0100428441626747,0.0094812184730841
0.0103520391729905,0.0112360889319018
0.0103892877388969,0.010744784148779
0.0107248578603121,0.0120069629655636
0.0110715791926065,0.0132826998231324
0.0117650819265989,0.0158342913319238
0.0114183184890508,0.0145584727930853
0.0114523134679413,0.0140599328792591
0.0117990767936523,0.0153357477995961
0.0121461732592838,0.0166116674558658
0.0124590146595015,0.0183865854925842
0.0124930212512083,0.0178878607576358
0.0125270315786563,0.0173891505549122
0.0127356791789202,0.0195969040153732
0.0128416435641252,0.0191485453247837
0.0100628023059469,0.0089955433695647
0.0096991905921712,0.0077372594113007
0.0097332041316372,0.0072387302022483
0.0097673075838239,0.0067400754695428
0.0098012466896969,0.0062416619542289
0.0098352498398866,0.0057431490093751
0.0094545170903787,0.0049658988560974
0.0090737068603408,0.0041887437808749
0.0091076666935153,0.0036901088311322
0.009141507951802,0.0031914704242749
0.0087606412292521,0.0024145833463863
0.0083340543533674,0.0012309224006161
0.0082499999999836,0.0004323804171455
0.0079999999999837,0.0
0.0104283728098582,0.0102508884327063
0.0107598627415545,0.0115104907317085
0.0114863096856912,0.0135614032071196
0.0111055803090439,0.0127841784744901
0.0118330764137223,0.0148371929822575
0.0121800292726799,0.0161130185963056
0.0125610341694221,0.0168904593845806
0.0128739289917463,0.0186654209372308
0.013000000000032,0.02
0.0111395806817469,0.012285661669067
0.010082992438446,0.0085068467281938
0.0101138798793804,0.0080150658281938
0.0098692605915695,0.0052446154172338
0.0094884725322204,0.0044673906605706
0.0091755384109236,0.0026928621527404
0.0087931939121223,0.0019181625231331
0.0087798187446757,0.0013521459528521
0.0085150605119026,0.0008729008415413
0.0104609364149868,0.0097556654681199
0.0104809832830943,0.0092756241729508
0.0108000014590413,0.0110213711532592
0.0108425094045999,0.0105276154022908
0.0111735824266225,0.011787159130245
0.0115203051470648,0.0130628824253609
0.01221390745811,0.0156144400510246
0.0118671224783169,0.0143386869627433
0.0119012667659929,0.01384027690872
0.0122478423994175,0.0151159083411813
0.0125949936693271,0.0163917792692154
0.0129079253987563,0.0181666765916662
0.012941920052906,0.0176679515717868
0.012975850588324,0.0171692452991674
0.0132610286770503,0.0194702781216394
0.0132825426899765,0.0189315266672038
0.0105025040623573,0.008787006964125
0.0101479376016627,0.0075174523293641
0.010181954671081,0.0070189237989535
0.0102159714215342,0.0065203987076614
0.0102499879671257,0.0060218732164839
0.0102840009012323,0.0055233400068414
0.0099032700627616,0.0047460800701594
0.0095223193127924,0.0039688336219684
0.0095562725027386,0.0034701992582542
0.0095902236859103,0.0029715413773572
0.0092092881173627,0.0021947060357711
0.0084999999999835,0.0
0.0088159136222268,0.0004591951244003
0.010873220791554,0.0100378105783284
0.0112146700011746,0.0112938851698728
0.0119350261757857,0.0133415833351332
0.0115554248196589,0.0125649867842315
0.0122818637698819,0.0146173582453322
0.0126287999129511,0.0158931678081414
0.0130098934225062,0.0166705641031341
0.0133228190698107,0.0184454857042588
0.0136387910688098,0.0191430898381063
0.013500000000034,0.02
0.011591724411927,0.0120677194022011
0.0105291183474639,0.0082944554391328
0.010562815418164,0.0077960937992225
0.0103180161887035,0.0050248035676166
0.0099372299762311,0.0042475400878194
0.0096243009842891,0.0024729546396219
0.0092338367402103,0.0016825689223285
0.0089321885393977,0.0009147913553499
0.0108968749213286,0.0095528483833857
0.0109146507116572,0.0090632829671566
0.0112609294142413,0.0108019750804428
0.0112926321014498,0.0103105466948598
0.0116323164463519,0.0115747618270911
0.0119723524357302,0.0128449379464498
0.0126626490642873,0.0153946052167913
0.0123161263355243,0.014119058165961
0.0123507024526981,0.0136209969021041
0.012696636320434,0.0148960792536709
0.0130437105394084,0.0161718862032772
0.0133566539682999,0.0179466947923622
0.0133906448839267,0.017447968367733
0.0134244161055107,0.0169493137917529
0.0137373064361034,0.0187242108614118
0.0138038354007389,0.019526634456326
0.0109434983730933,0.0085724200949437
0.0105966851410444,0.0072976472340309
0.0106307108905929,0.0067991174745543
0.0106647276938301,0.0063005906514519
0.0106987501970642,0.0058020605607933
0.0107327621355911,0.0053035301052253
0.0103520127664841,0.0045262539387291
0.0099710548004071,0.0037489769885139
0.0100050827484408,0.0032503132408084
0.0100390873174843,0.0027516532379611
0.0096583166828766,0.0019742347190824
0.0092717133532996,0.0011843530958352
0.0089999999999834,0.0
0.0092784364648841,0.0007053617621208
0.011317690982885,0.0098230786916111
0.0116703409670952,0.0110819537964515
0.0123886899260235,0.0131258772475052
0.0120134209024006,0.0123512586922747
0.0127308020460985,0.0143976585071959
0.0130775094738939,0.0156732775122343
0.0134584124574089,0.0164506425639042
0.0137710977615222,0.0182250354738182
0.01410924214018,0.0190627990839504
0.0140000000000361,0.02
0.0120486451216891,0.011856596641632
0.0109776134423809,0.0080744829361807
0.0110115837599005,0.0075762532624616
0.0107667747286436,0.0048049873852415
0.0103859791479651,0.0040276841283871
0.0100730923849802,0.0022529611951275
0.0096906896309249,0.0014718112072972
0.0092499999999833,0.0002996026215486
0.0113388041845502,0.0093361845735345
0.0113569766723203,0.0088482033035296
0.0117058791852775,0.0105904438423079
0.0117417419128052,0.0100951100009119
0.0120873063888387,0.0113624853081416
0.0124263458245953,0.0126313402443552
0.0131114024371651,0.0151747795799743
0.0127653755572506,0.0138996869938947
0.0128013522334259,0.0134036342883864
0.0131454409239978,0.0146762602191727
0.0134923148427535,0.0159519810781886
0.0138052357479129,0.0177266606582592
0.0138391851704966,0.0172280187762821
0.0138730324965295,0.0167293547839254
0.0141848051649514,0.0185020487054547
0.0142830757223298,0.0195598266995039
0.0113924006927883,0.0083531171691142
0.0110454844726532,0.0070777963620454
0.0110794754636001,0.0065792964399643
0.0111134897004782,0.0060807728741419
0.0111475097363919,0.0055822485033518
0.0111815239152971,0.0050837167973104
0.0108007805738472,0.0043064263749368
0.0104199407184356,0.0035290775140124
0.0104539489502717,0.0030304357057324
0.0104879606608088,0.0025317672803092
0.0101071028094698,0.0017542389126499
0.0097221567879965,0.0009671163026262
0.0094999999999831,0.0
0.0097437897572562,0.0004370858568711
0.0117612651086062,0.0096049215638403
0.0121209443666872,0.0108681715508527
0.0128401917370995,0.0129069024950803
0.0124657103504249,0.0121381551732618
0.0131797043671631,0.0141779006177384
0.0135262006977531,0.0154534610091805
0.0139070338968222,0.0162307432033293
0.0142197661820548,0.0180051121211626
0.0145942126679957,0.0187698993050119
0.0145280934468608,0.019203050954846
0.0145000000000382,0.02
0.0125013922301915,0.0116451994468217
0.0114262640628755,0.0078545578522093
0.0114602669932709,0.0073563419393882
0.0112155371703106,0.0045851769406136
0.0108347843160214,0.0038078352627058
0.0105219940783012,0.0020330667020583
0.0101411106671947,0.0012554853799269
0.0117862857611429,0.0091207916080411
0.0118077271791753,0.0086301261216742
0.0121546811746104,0.0103709896838993
0.0121890563454253,0.009872618579968
0.0125347544791097,0.011148294681897
0.0128790665160858,0.0124142886906278
0.0135601598294286,0.0149549449778212
0.0132138076139602,0.0136793557722058
0.0132511626837957,0.0131829191293777
0.0135942938447723,0.0144564372849846
0.0139409884633022,0.0157321568596599
0.0142538799875671,0.0175067352024182
0.0142878074401785,0.0170080886827315
0.0143217504238742,0.0165094974896572
0.0146346227549981,0.0182842595047937
0.014757283346125,0.019566475701901
0.0150205220590744,0.0191082757121936
0.0118407529185164,0.0081326745857836
0.0114942466355278,0.006857978554065
0.0115282112969803,0.0063594879367214
0.0115622452874083,0.0058609618725332
0.0115962642817824,0.0053624458656435
0.0116302803854593,0.0048639114206153
0.011249568959306,0.0040866008626668
0.0108687943475077,0.0033092197579271
0.0109028115545887,0.0028105696763605
0.0109368369196363,0.0023119011273844
0.0105560215618429,0.0015343484583324
0.0101786384828027,0.0007645145573548
0.0099999999999824,0.0
0.0122175621071343,0.0093865200966087
0.0125691070194229,0.0106499156774301
0.0132881452786861,0.0126871083109503
0.0129140481655292,0.0119234120436562
0.0136285062168995,0.0139580049289767
0.0139749336822055,0.0152336412287924
0.0143557282057856,0.01601090104763
0.0146686747804124,0.0177855427955807
0.0150495597797094,0.0185630580175523
0.0150000000000402,0.02
0.0129491835045667,0.0114272289839143
0.0118747570232789,0.0076343052522054
0.0119090144373938,0.0071364035296498
0.0116643505423544,0.0043653611085088
0.0112836011690987,0.0035880045998029
0.0109708774787386,0.0018132039280518
0.0105869062278828,0.0010402989725321
0.0102269413874006,0.0003408328224516
0.0122414048206834,0.0088960605798651
0.0122599738951605,0.0084026336117799
0.0126034682732834,0.010151557849919
0.0126378463432817,0.0096532599166837
0.0129835228013578,0.0109288546127635
0.0133241711338798,0.0121926019470045
0.014008950582469,0.0147351090797834
0.0136628040276423,0.0134595624601189
0.013698550733601,0.0129612642845705
0.0140430486383273,0.0142366260818106
0.0143897054845211,0.0155123306251944
0.0147026368208768,0.0172868726104286
0.0147366045424427,0.0167882300814885
0.0147705364463896,0.0162896003990328
0.0150835307052157,0.018064322302676
0.015253523109032,0.0195822376939793
0.0154789927105954,0.0188307999622403
0.0122880208783945,0.0079099950876342
0.0119430498240654,0.0066381098384772
0.0119769870976017,0.0061396675621664
0.0120109868822755,0.0056411611488343
0.0120450122048414,0.0051426362710412
0.0120790914283834,0.004644124251565
0.0116984511812627,0.0038667746255859
0.0113176556175601,0.0030893631643587
0.0113516797811587,0.0025907057601209
0.0113857241696339,0.0020920158033158
0.0110025618906646,0.0013240909449143
0.0106666318332646,0.0005026049312882
0.0104999999999806,0.0
0.0126671441450236,0.0091643136511833
0.0130178758049868,0.0104304299256258
0.0137363640139454,0.0124644938779441
0.0133623044283464,0.011697230024768
0.0140771511328326,0.0137381633943829
0.0144236795001449,0.0150137880841574
0.0148044862941974,0.015791015943026
0.015117517306673,0.0175656224560428
0.0154984488496263,0.0183430940573326
0.0154803113487204,0.0192428141132809
0.0155000000000423,0.02
0.0133966080665681,0.0112009862952624
0.0123235484848553,0.0074146381928561
0.0123577988330592,0.0069166708212956
0.0121131741294044,0.0041455785500064
0.0117324904408571,0.0033681579366456
0.0114208745946501,0.0015968634819368
0.011062566267711,0.0008519377992153
0.0126949279018753,0.0086660368669366
0.0127041199643945,0.0081783454200014
0.0130522365661912,0.0099321147076166
0.0130865995862188,0.0094338661847279
0.013431116277072,0.0107055554986036
0.0137759273908802,0.0119660193351572
0.0144577025658935,0.0145152663237146
0.0141110736629197,0.0132397319060589
0.0141450481407647,0.0127413444902888
0.0144916874870971,0.0140167754790214
0.0148384381778099,0.0152924586470401
0.0151514810741785,0.0170669616990793
0.0151853825972404,0.0165682797550947
0.0152193100875756,0.0160697104128336
0.0155323423230366,0.0178443632634104
0.0157433332488687,0.0195720426127068
0.015915186966414,0.0186191920943524
0.0158658083133895,0.0191130785376979
0.0127369741376372,0.0076908008929298
0.0123917528209439,0.0064182879408689
0.0124257480910622,0.0059198365768673
0.012459731052928,0.0054213558712421
0.0124937708083841,0.0049228639393297
0.0125278571316828,0.0044243568091368
0.0121473226354038,0.0036469635491712
0.0117665365009672,0.0028695088856526
0.0118005695741967,0.0023708379981193
0.0118345936298508,0.0018721430344915
0.0114605306684797,0.0011158827240922
0.0112499999999772,0.0004330127018901
0.0109999999999784,0.0
0.0131177076990473,0.0089392493537865
0.0134666617256446,0.0102106213673454
0.0141821748426229,0.0122434613964645
0.0138094170437421,0.0114699797793249
0.014525703232758,0.013518349844804
0.0148723979893039,0.0147939306334634
0.0152532062181559,0.0155711078234246
0.0155662543407067,0.0173455978164364
0.0159472768277038,0.0181231344654309
0.0162997015764608,0.0189277141871278
0.0163625126466057,0.0184014522183286
0.0160000000000444,0.02
0.0138433226432864,0.0109784676424556
0.012772453439657,0.0071953575530559
0.0128064746407919,0.0066969334519212
0.0125620326190769,0.0039258049153379
0.01218137554085,0.0031483327953023
0.0118686186562674,0.0013733907019523
0.0115105400787589,0.0007149117877936
0.0131352464515405,0.0084545775641927
0.0131534667462626,0.007964180192773
0.0135009844946925,0.0097128575503387
0.0135309366318132,0.0092141967249564
0.0138812588805608,0.0104862560154058
0.014213058638247,0.0117446327837468
0.0149063676666673,0.0142954389185443
0.0145596828509645,0.0130199496374207
0.0145936498304677,0.0125215706179756
0.0149403525116747,0.0137969755636933
0.0152871496965568,0.0150725899052312
0.0156001699857242,0.0168468346824038
0.0156340196951765,0.0163481980407316
0.0156679335019702,0.0158496909253613
0.0159809775797418,0.0176243449734979
0.0162576353779567,0.0194820902326858
0.0167931352182574,0.0187345494001889
0.0131871005614214,0.0074740230813197
0.012840458439083,0.0061985093944859
0.0128744504419865,0.0057000434683967
0.0129084666582592,0.0052015635574688
0.0129424993335522,0.0047030867771153
0.0129766004846715,0.0042045873158896
0.0125960816011642,0.0034272274007244
0.0122153673052197,0.0026497292702363
0.0122493487887261,0.0021510455103402
0.0122834435609033,0.0016522528246835
0.0119391738643055,0.0008551980788226
0.011499999999976,0.0
0.0117499999999748,0.0004148998323385
0.0135514925768501,0.0087265533248293
0.0139154232097737,0.0099925041387254
0.0146274459833303,0.0120234947505135
0.0142551828274195,0.0112523190096889
0.0149743192611461,0.0132985550562651
0.0153210859847437,0.0145740840425939
0.0157018950885864,0.0153512345413982
0.0160148130455401,0.0171253546035802
0.0163961251859555,0.0179030762328648
0.0166030039183313,0.019193428993047
0.0168126883105588,0.0181888209513892
0.0165000000000464,0.02
0.0142924781882893,0.0107611881378162
0.0132211136631763,0.0069756035295838
0.0132551286746108,0.0064771714176514
0.0130107108520659,0.0037061035087454
0.012630094015202,0.0029286639983649
0.0123278772094913,0.0011745511317046
0.0135779333984136,0.0082406308754812
0.0136003714122362,0.0077483610506924
0.0139419718335608,0.0094980058745602
0.0139695477115071,0.009008818382471
0.0143310770437561,0.0102687214895936
0.0146627110499086,0.011527880360044
0.0153550452511604,0.0140755988362576
0.0150082727447384,0.0128001702627804
0.0150411481066062,0.0123034164820641
0.0153889650343875,0.013577150792869
0.0157358246268031,0.0148527314805364
0.0160487536390852,0.0166265843259927
0.0160825799240678,0.0161281303830046
0.0161166293924152,0.0156298422528222
0.0164295005465965,0.0174039505049924
0.0167671702932386,0.019576898080983
0.0172351455178576,0.0184340115821769
0.0170000178409088,0.019133984896638
0.0136357517613116,0.0072542665732073
0.0132891408755192,0.005978726562488
0.0133231575350671,0.0054802688478279
0.0133571830708312,0.0049817951425031
0.0133912222217276,0.0044833260083547
0.0134252617417748,0.0039848245811821
0.0130447361492209,0.0032075162686643
0.0126640702524388,0.0024301271045474
0.0126983660615598,0.0019318947073059
0.0127339426337373,0.0014359914264217
0.0124135144172184,0.000781085578478
0.0122272720991534,0.0004227579383611
0.0119999999999737,0.0
0.0139930450067503,0.0085180650088407
0.014363346845829,0.0097789645788056
0.0150771009951756,0.011808969558191
0.0147032990374376,0.011037480380978
0.0154229145764529,0.0130787599689496
0.0157697139368658,0.0143542280673324
0.0161505709643447,0.0151313700658768
0.0164630548313639,0.0169052128977118
0.0168435439558959,0.0176810514756934
0.0172500029276015,0.0188430856811246
0.017254858562306,0.0179525116410864
0.0170000000000485,0.02
0.0147450793636638,0.0105449361753141
0.0136697730248707,0.0067558468901882
0.013703799590016,0.0062574109276358
0.0134591895482047,0.0034862778979833
0.0130786844373193,0.0027089061103225
0.0127606378128598,0.0009844524484733
0.0140187699313262,0.0080256254236636
0.014050370943102,0.0075329102556554
0.0143860832567945,0.00928856266078
0.0144060821044082,0.0087986316910592
0.0147797845379638,0.0100537538892296
0.0151147306410231,0.0113110965210845
0.0158036088858625,0.0138556757931055
0.0154556154752795,0.012582831656187
0.0154905329518245,0.0120891679439677
0.0158375350245882,0.0133573322638435
0.0161845148740192,0.0146328826923189
0.0164971187611072,0.0164066387873936
0.0165312514649907,0.0159082766815173
0.0165652942841295,0.0154099019466355
0.0168778287137742,0.0171835928072793
0.0172523363591327,0.0195665686990111
0.0176481439367578,0.0186895519164745
0.0176590165746538,0.0182029565862937
0.017500000000051,0.0191339745962141
0.0140843856786046,0.0070345301249341
0.0137378319131892,0.0057589691875521
0.013771866848687,0.0052605061146374
0.0138058943086606,0.004762029139033
0.0138399204042515,0.0042635379888284
0.0138739493063621,0.0037650213768548
0.0134932870558433,0.0029877013289932
0.013112699876761,0.0022102334117687
0.0131471086480494,0.0017121800063522
0.0131599280555861,0.0012285127149265
0.0127609443134768,0.0004853641405275
0.0124999999999714,0.0
0.0144344443179966,0.0083081303555399
0.0148101467996699,0.0095661930331266
0.0155321889321498,0.0115975314254418
0.015159970975277,0.0108203716331005
0.0158714706163836,0.0128589996886714
0.016218233110575,0.0141341941651058
0.0165991773924609,0.014911452097106
0.0169117772535653,0.0166851967322503
0.017292197403182,0.0174612825830543
0.0177040186454223,0.0177338428598063
0.0175000000000506,0.02
0.0151936819990529,0.0103282565553098
0.0141184195662148,0.0065361065527523
0.0141524900850277,0.0060376468661293
0.0139079836652436,0.0032664637334075
0.013527277178681,0.0024890738750359
0.0131102341084745,0.0008149743168546
0.0144649582050357,0.0078115318459038
0.0144989711194799,0.0073131995864301
0.0148254042457918,0.0090807624046575
0.0148460781320996,0.0085881433552587
0.0152268231364416,0.0098319709968629
0.0155711582807854,0.0111012974511355
0.0162521440480177,0.0136358717029012
0.0159055647636333,0.0123639565074019
0.015945832303393,0.0118717339026969
0.0162860733852652,0.0131375527959866
0.0166329080274891,0.0144128096130961
0.0169459422079592,0.0161867964429675
0.0169799836144215,0.0156884281783275
0.0170139542729012,0.0151900644829417
0.0173265853107927,0.0169637449042489
0.0177468300204991,0.0195545546202315
0.0181075272480592,0.0185163677618635
0.0180340570510429,0.0190737908382501
0.018123282560519,0.0180177347472817
0.0145329861370064,0.0068148681771116
0.0141865294506722,0.0055391974771625
0.0142205725410094,0.0050407457625416
0.0142546078607521,0.0045422757304246
0.0142886637823667,0.0040437699752038
0.0143227231564777,0.0035452387654295
0.0139420186426129,0.0027678591393736
0.0135612943633924,0.0019903948310831
0.013595347941961,0.0014916878377746
0.0135759840045588,0.0009299199805886
0.0132936763558912,0.0004466222997571
0.012999999999969,0.0
0.0148795065415582,0.0080901311620064
0.0152564711923754,0.0093466150439855
0.0159854837643457,0.0113815801777178
0.0156077107303393,0.0106073176375847
0.0163203411907139,0.0126394100110605
0.0166667495786714,0.0139144118007013
0.0170477225249511,0.0146915434912957
0.0173606781099353,0.0164654042155118
0.0177415426442283,0.0172426222755396
0.0181563792833762,0.0175212551032504
0.0180000000000526,0.02
0.0156410027779268,0.0101108073161777
0.0145670781436144,0.0063163615188799
0.0146011780772466,0.0058178775277985
0.0143568105700691,0.0030466514945387
0.0139760523652581,0.0022692175231113
0.0149135222582793,0.0075918253792707
0.0149475415595914,0.0070935203576153
0.015283484325658,0.0088573453549263
0.0153013643508367,0.0083662519807241
0.0156756054813335,0.009613957794343
0.0160201361419879,0.0108855955828994
0.0167007094053243,0.0134161920986318
0.0163583285005811,0.012143976387462
0.0163960586320379,0.0116487252928172
0.0167345748521201,0.0129177983973485
0.0170814857065046,0.014193067860693
0.0173947629136864,0.0159670130031621
0.0174286932209793,0.0154686294096186
0.0174625605667784,0.0149702569706552
0.0177754436456729,0.0167440376030288
0.0182079885929592,0.0195982668038813
0.0185031640817302,0.018797042174721
0.0185453221533714,0.018297603598377
0.0185713475918818,0.0177994843072561
0.0149815887802069,0.0065952315974482
0.0146352372388735,0.0053194394043161
0.0146692715274442,0.0048209935538957
0.0147033292854757,0.0043225280322978
0.0147374487743397,0.0038240041245145
0.0147715449201748,0.0033254691948224
0.0143908622362684,0.0025480367673697
0.0140101306843114,0.0017705305944796
0.0140382007733423,0.0012807382810233
0.013778582525025,0.0004476050874782
0.0134999999999675,0.0
0.0153292564887799,0.007870037588483
0.0157067083125209,0.0091257687052169
0.0164303974775118,0.011156294759333
0.0160551621634835,0.0103895819395955
0.0167705367177551,0.0124204008473882
0.0171153024503978,0.0136947401621823
0.0174963033500741,0.0144716397321572
0.0178094151486658,0.016245586898584
0.0181902774113754,0.0170226924893955
0.0184922305397451,0.0192487430235433
0.0186050826772217,0.0173012845859477
0.0189866684993034,0.0180776505128952
0.0190199146389514,0.0175798768721546
0.0185000000000539,0.02
0.0160895273117566,0.0098915349906938
0.0150157789242445,0.0060965834770216
0.0150498639176747,0.0055981059871511
0.0148056641276666,0.0028268427465415
0.0144247624514114,0.0020496320796128
0.0141061554244,0.0008059213863012
0.0153620645025173,0.0073721502219738
0.0153960931472543,0.0068738629415551
0.0157310052949032,0.0086326238266121
0.015753918855913,0.0081402073836988
0.0161239010805921,0.0093935291998537
0.016468003834488,0.0106650414435246
0.0171494682636574,0.0131969274816554
0.0168057685232033,0.011922602837988
0.0168379534080226,0.0114247387577814
0.0171842116811857,0.0126988431343408
0.0175302426693655,0.0139732765304958
0.0178433603487777,0.0157471821978556
0.0178772557849234,0.0152487958695092
0.0179110890456505,0.0147503278860788
0.0182241632490401,0.0165241748348933
0.0188020893665719,0.0195970611078887
0.0189708401747022,0.0191291366840486
0.018955785030181,0.0185726661499111
0.0194347411857796,0.0178584720802939
0.015430141186808,0.0063756136039404
0.0150839164799874,0.0050996903530529
0.0151179662734183,0.0046012626303483
0.0151519423105485,0.0041029837025527
0.0151860340340159,0.0036046080967057
0.0152202600401716,0.0031058393376567
0.0148397202048204,0.0023282236611191
0.0144580165431512,0.0015521820850845
0.0144836079921695,0.0010903719800002
0.014260557251338,0.0003948762221383
0.0139999999999668,0.0
0.0157773756072242,0.0076465384571812
0.0161595977405622,0.008898148640391
0.016878939029586,0.0109366269587467
0.0165036380510918,0.010170300721699
0.0172185385409663,0.0122011201448741
0.0175643060175101,0.0134751640007246
0.017945133881479,0.0142519976114979
0.0182580455258873,0.0160257304736511
0.0186389761687513,0.016802760274046
0.0190537713374849,0.0170813228770682
0.0194008624926755,0.0183570697057014
0.0194685981940949,0.0173599171284877
0.0190000000000543,0.02
0.0165380477090618,0.0096722207119418
0.0154644359926784,0.0058767793506676
0.0154985168918449,0.005378365565802
0.0152544398882682,0.002607032264084
0.0148736027009671,0.0018298431931065
0.0144999999999667,0.0006920167665782
0.015810587202493,0.0071524734472741
0.0158446144989718,0.0066542099608209
0.0161809581839281,0.0084080208947154
0.016200133667657,0.0079171548073214
0.0165724165056926,0.0091742533230269
0.0169181017504059,0.0104452270943718
0.0175985711812228,0.0129773489237389
0.0172523736066338,0.0117031316891705
0.0172899422513021,0.0112089770849197
0.0176329163445131,0.0124795226510095
0.0179790607781227,0.0137537877774902
0.0182919317223111,0.0155273284208366
0.0183257957029962,0.0150289594763123
0.0183597085759585,0.0145306076935006
0.0186728056565558,0.0163042772264167
0.0192352433813572,0.0195788321218856
0.0193891140583978,0.0188293754550869
0.0198834118756401,0.0176385129723336
0.0198495927997269,0.0181370808332647
0.0158786471020964,0.0061559615767262
0.0155325780288177,0.0048799688606515
0.0155666058080864,0.0043816393830213
0.0156004206172424,0.0038836702575583
0.0156345215471764,0.0033850867042259
0.0156687695702991,0.0028865027006152
0.0152885738225991,0.002108398560762
0.0149087612823935,0.0013351470567945
0.0149581468601,0.0008389849941729
0.0144999999999666,0.0
0.0147425524947236,0.0004029619365284
0.0162250787765815,0.0074310114768539
0.0166070354623792,0.0086766729293618
0.0173292354557855,0.0107194826125498
0.0169523113329599,0.0099506356056884
0.0176667578757518,0.0119815156534603
0.0180132308967708,0.0132557386217992
0.0183937116953821,0.0140323015292805
0.0187065993799848,0.0158058395059952
0.0190876329338045,0.016582859310851
0.019441215288467,0.0192331820933086
0.0195024672162166,0.0168614252440538
0.0198192976936307,0.0186304386591197
0.0199171912287819,0.0171399870848573
0.0195000000000542,0.02
0.0169856401773848,0.0094531052431473
0.015913122725295,0.0056569954939761
0.0159471586955099,0.0051586399668379
0.0157030690669377,0.0023874342791307
0.0153226360041522,0.0016097310157991
0.016259084772642,0.0069327913065146
0.0162931112151762,0.0064345639263697
0.0166316118819478,0.0081832466760898
0.0166318587003476,0.0076939039553892
0.0170209571011964,0.0089551009228047
0.0173673409404795,0.0102275445947143
0.0180472938836998,0.012757897652904
0.0177016233412543,0.0114851604877638
0.0177404589759987,0.0109955092866248
0.0180811386857485,0.0122598983895391
0.0184277395082284,0.0135342483711433
0.0187404418299109,0.0153074601984903
0.0187743131518808,0.0148091410908437
0.0188082079783623,0.0143109185669902
0.0191214732279396,0.0160844084279038
0.0197162195743353,0.0195649642158247
0.0198031298320275,0.0191027709571541
0.0203318975747246,0.0174180133990012
0.0202982437589632,0.0179161344263486
0.0202649779080519,0.0184141646669173
0.0163272381633422,0.0059362045046618
0.015981153613134,0.0046604557431382
0.0160149021677818,0.0041624435347646
0.0160487636012187,0.0036642382198366
0.0160828814201109,0.0031656616129828
0.0161172501277378,0.0026668547084328
0.0157373352302394,0.0018885953974867
0.0153739515952363,0.0011415757899382
0.0152362777221392,0.0004069195419782
0.0149999999999665,0.0
0.0166722796937357,0.0072087011596594
0.0170508967339171,0.0084626202365587
0.017781462573438,0.0105034421525507
0.017400690383902,0.0097316135403352
0.0181153105501943,0.0117621665501635
0.0184616293614032,0.0130363103324044
0.0188421271242052,0.0138127493455708
0.0191551692587495,0.01558597264365
0.0195363039958791,0.0163629618156173
0.0199509821455117,0.016641347154286
0.0202329810619065,0.0189168459478054
0.0203655711855765,0.0169197709577646
0.0200000000000541,0.02
0.017429418031496,0.0092348073550865
0.0163617291908539,0.005437281366613
0.0163957646368584,0.0049390588121116
0.0161518271776906,0.0021680890498617
0.0157730845868473,0.0013930595781592
0.0154698062305263,0.0007458174144123
0.0167075607945766,0.0067131305616451
0.0167415854463328,0.0062149288795324
0.0170714727312884,0.0079768954166825
0.0170904113778933,0.0074849963868522
0.017460085916905,0.0087433210100291
0.0178144585124825,0.0100113747920833
0.0184955023064167,0.0125382766494845
0.018155874148287,0.0112697689808789
0.0181986698568221,0.0107781885134968
0.018532025599923,0.012042166004728
0.0188760009336749,0.0133146534708593
0.0191889135755496,0.0150876073727306
0.0192227376746642,0.0145893472707023
0.0192566129226344,0.0140911285292981
0.0195699837539525,0.0158644568301173
0.0202366259802108,0.0194701274380319
0.0207464761901049,0.0176955428699052
0.0207800815442999,0.0171974043689329
0.0207128045013864,0.0181937988255894
0.0206767359239965,0.0186871927074602
0.0167757254049619,0.0057165754427612
0.0164295690676274,0.00444099163632
0.0164632311522658,0.0039429261380398
0.0164970236585563,0.0034446102051691
0.0165312390753665,0.0029461271036872
0.0165657144560223,0.0024473135043194
0.0161865485696253,0.0016692682367331
0.0158674862832051,0.0008758353002487
0.0154999999999663,0.0
0.0157152513872323,0.0004203786015344
0.0171220917402033,0.0069915523786561
0.0174879960847149,0.0082557135008272
0.0182295248455548,0.0102880613340895
0.0178416409388223,0.0095168905923574
0.0185664991740304,0.0115450567049384
0.0189098636379432,0.0128166291186862
0.0192903974432007,0.0135929848486452
0.0196036037851595,0.015366063526663
0.0199846393390937,0.0161427205698865
0.0203991682931728,0.0164210701762871
0.0206411545908818,0.0191426291197715
0.0208136906226252,0.0166991417896145
0.0211941637875853,0.0174755063418021
0.020500000000054,0.02
0.0178717522854431,0.0090248588047163
0.0168101906003564,0.0052177580908182
0.0168442959976475,0.0047195343029805
0.0166009667491056,0.0019485275220426
0.0162332298663097,0.0011960976453095
0.0171561396355435,0.0064933522936681
0.0171903207826522,0.0059949766275581
0.0175115793105426,0.0077638117232499
0.0175372740953768,0.0072690096109401
0.0179005076262172,0.0085349341447923
0.0182619182848775,0.0097971976976791
0.0189499905403928,0.0123234036817363
0.0186123510797543,0.0110563620268762
0.0186421536783403,0.0105678418645387
0.0189878441372798,0.0118307062867907
0.0193242387593414,0.0130949650400701
0.0196373007870484,0.0148677823456469
0.0196710389771477,0.0143695307922479
0.0197048338974355,0.0138713621028042
0.020018198195475,0.0156443405725488
0.020750000000054,0.0195669872981078
0.0211603090957229,0.0179738033169781
0.0212280389042147,0.0169772497071664
0.0211263154342782,0.0184721362998418
0.0210779202299713,0.0189352815432239
0.0172245597026601,0.0054965287262451
0.0168780980748126,0.0042214357765027
0.0169117444051394,0.0037232966869246
0.0169457597587135,0.0032248819618006
0.0169798875200025,0.0027264527592149
0.0170147050531673,0.0022274234633191
0.0166373860912123,0.0014533364208857
0.0163344325754148,0.0007939140164568
0.0161870847644943,0.0004289974852214
0.0159999999999653,0.0
0.0175713091373073,0.0067709722261612
0.0179244795537604,0.0080432006613579
0.018677579007757,0.0100724007999702
0.0182857683139366,0.0093032640239095
0.0190220201521981,0.0113373091709542
0.0193615403085871,0.012600707288807
0.0197385724840835,0.013373237896782
0.0200519051158919,0.0151461657720828
0.0204328204517701,0.015922609690863
0.02084730601446,0.0162008308953082
0.0210045982412159,0.0193027262807504
0.0212616655267734,0.0164790547856118
0.0216425805649518,0.0172555550780162
0.0216088808548413,0.0177537952350143
0.0210000000000539,0.02
0.0183094350572948,0.0088138707543043
0.0172588556336416,0.0049980854061929
0.0172927676832066,0.0044999364240367
0.017050223351409,0.001731051009532
0.0166884801625741,0.0009732672885222
0.017605362012316,0.006272833670356
0.0176393297556879,0.005774710266507
0.0179516315226011,0.0075473675935408
0.0179856828892704,0.0070493550829897
0.0183385579734184,0.0083209623749007
0.018712216107335,0.0095841652281387
0.0194016497157506,0.0121103096456489
0.0190559749260155,0.0108462891663254
0.0190902815253013,0.0103487413819467
0.0194353639584344,0.0116224076828893
0.0197738483451058,0.0128777321766973
0.0200855996591458,0.0146479146650398
0.0201193937779483,0.0141497462606835
0.0201529877795985,0.0136515442891684
0.020466433348156,0.0154244845203728
0.0212259769946689,0.0196025744673666
0.0215749526023622,0.0182520986421107
0.0216762725078982,0.0167573410464871
0.0215412209573932,0.0187506130086754
0.0214288503636208,0.0192020890589787
0.0176732990873505,0.0052766238551669
0.0173266711014433,0.0040018585936611
0.0173604158240499,0.0035036309028675
0.0173945247287645,0.003005155029135
0.0174286626078548,0.0025067130913402
0.0174634600229962,0.002007775412946
0.0170877133393854,0.0012336517360492
0.0167247558477418,0.0004733592215635
0.0164999999999635,0.0
0.0180197069301893,0.0065513162062525
0.0183659126692593,0.0078257910644742
0.0191246664437415,0.0098511665586809
0.0187298856228992,0.0090945018486124
0.0194697004759933,0.0111247907742376
0.019811771526859,0.0123872086675126
0.020187348560668,0.0131541709608397
0.0205001946632227,0.0149263681307628
0.0208809306788108,0.015702733576566
0.021295423142752,0.0159809447059829
0.0217098994194605,0.0162591594887223
0.0220909179605716,0.0170356385800925
0.0220572166541917,0.017533846657756
0.0220235105562307,0.0180321198231178
0.0221244694028961,0.0165370241502161
0.0215000000000544,0.02
0.0187472282606913,0.0086017131051406
0.0177074385052158,0.0047784385032788
0.0177413966259917,0.004280377699633
0.017497108852587,0.0015155915019497
0.0171277304554503,0.0007720905642433
0.0180537206075627,0.0060532490011217
0.0180877490079023,0.0055551580805152
0.0183999350519573,0.0073278514134118
0.0184340075236835,0.0068298217269595
0.0187801268453013,0.0081041995715163
0.0191655102073047,0.009366614854654
0.0198496841191764,0.0118958915013863
0.0195040185802148,0.0106272266061103
0.0195383705906576,0.0101297368620732
0.0198834623839773,0.0114033057142745
0.0202232681188218,0.0126592229085807
0.0205338920292218,0.0144280235290946
0.0205679256924029,0.013930008235742
0.0206021449310531,0.0134324361730462
0.0209146817854188,0.0152046666014354
0.0217486935917611,0.0195828914828121
0.021989772676909,0.0185305207520011
0.0219770535283327,0.0190950653757599
0.0225389916640427,0.0168135483443027
0.0181218286914057,0.0050570164019063
0.0177752408466801,0.0037822395537071
0.0178091965609665,0.0032838673506588
0.0178432836672271,0.0027854088021059
0.0178774407146707,0.0022869919322012
0.0179059597680719,0.0018010575534495
0.0175220177459929,0.0010472965965172
0.017255673092023,0.0003573000294526
0.0169999999999612,0.0
0.0184680669780459,0.00633175622705
0.0188141449875495,0.007606321680836
0.019573007683476,0.0096341198606974
0.0191672771200831,0.0088779379896745
0.0199177415812818,0.0109057133740269
0.0202616398773963,0.0121670399311248
0.0206368722335887,0.0129357994090274
0.0209484029896675,0.0147064893035824
0.0213291413030104,0.0154829146903856
0.0217435701707194,0.015761065099938
0.0221580556986325,0.0160391325045238
0.0225053753513996,0.0173128871728212
0.0224717535569063,0.0178119801756517
0.0224382111157819,0.0183104295015474
0.0225721437979291,0.0163154207592571
0.0220000000000556,0.02
0.0192007936988047,0.0083807232732403
0.0181559795895495,0.0045588980024429
0.0181899272136268,0.0040607800311392
0.0179337045231346,0.0013265124053133
0.0175229679101133,0.000677615824068
0.0185021207215324,0.005833687247047
0.0185361757701075,0.0053355924067611
0.0188482030597514,0.007108323746462
0.0188823119660378,0.006610286044373
0.0192282970937929,0.0078847435430204
0.0196038216374081,0.0091434277275733
0.0202981524324673,0.0116721908312076
0.0199520238991539,0.0104080880451989
0.0199863741649279,0.0099106792496482
0.0203314434480766,0.0111794753394099
0.0206731863326166,0.0124394118655753
0.0209825236456442,0.0142085873728661
0.0210164454971524,0.0137108493794475
0.0210506147190615,0.0132133403935996
0.0213628977450374,0.0149849003708262
0.0222401513593353,0.0195682435642044
0.0224046057486642,0.0188087971461913
0.0229525301602126,0.0170898331425341
0.0229858575609272,0.0165911362874587
0.0185702818490549,0.0048374719071553
0.018223878674264,0.0035624984342781
0.0182579436239155,0.0030641394124562
0.0182920358312001,0.0025657056508494
0.0183116991812753,0.0020889251184915
0.018405376357974,0.0016136966167013
0.0179645283629439,0.0008365291582751
0.0177448898941565,0.000374862771852
0.0174999999999588,0.0
0.0189164353510222,0.0061121730192124
0.0192623249110802,0.0073869077928529
0.0200207265185061,0.0094133906874077
0.0196261684235375,0.0086510640843599
0.0203654094776568,0.0106836254309263
0.0207104722065878,0.0119433852613428
0.0210846707393113,0.0127162141525231
0.0213967354461479,0.0144869546437458
0.0217772713418682,0.0152630631360284
0.0221915611366883,0.0155410518742087
0.0224360261237708,0.0192100624380554
0.0226056919690908,0.0158185913801042
0.0229195743841717,0.0175911177029883
0.0228864828760996,0.0180904073942275
0.0228529591639573,0.0185887655517385
0.0230189828064122,0.016094246450491
0.0225000000000577,0.02
0.0196525149697653,0.0081564128156495
0.0186043540515611,0.0043393288634435
0.0186384355876945,0.0038411274316634
0.0183189710469964,0.0012011053082698
0.0189505179535418,0.0056141145793493
0.018984590040228,0.0051160455437841
0.0192964939181999,0.0068887538203387
0.019330684992244,0.0063906181951727
0.0196758764874203,0.0076628154251055
0.0200561177210338,0.0089180094484971
0.0207450346365325,0.0114485703245819
0.0204000546640441,0.010188640712342
0.0204343131040112,0.0096917650181443
0.0207800094629603,0.0109574717729483
0.0211199542061498,0.0122189134865779
0.0214307194769385,0.0139890993692155
0.021464744517814,0.0134916247322154
0.0214985408072016,0.0129943342566496
0.0218110336360932,0.0147651927865057
0.0227813344547183,0.0195606050528403
0.0228193022436154,0.0190871783854551
0.0233654361061871,0.0173672174105389
0.0233976529194038,0.0168678604605047
0.0234315824882709,0.0163703427382947
0.0190186906059706,0.0046179543216945
0.0186725282127005,0.0033428368260438
0.0187066257242714,0.0028444772457671
0.0187280131405553,0.00237509679279
0.0186958514061013,0.0019652817309211
0.0187381795408124,0.0012596699073957
0.0185116808424391,0.0008377411754484
0.0182510951227359,0.0004118645463807
0.0179999999999565,0.0
0.0193648077938222,0.0058926021384654
0.0197108025313457,0.00716657770755
0.0204687162793714,0.0091944795189959
0.02007648539413,0.0084298732515247
0.020814211753617,0.0104643088756908
0.0211532128981957,0.0117214986543279
0.0215323359465385,0.0124968543539194
0.0218448351835066,0.0142674586594789
0.0222253031508909,0.0150432684535001
0.0226394744889283,0.0153211906711577
0.0230535188901944,0.0155987906299908
0.0233349845932543,0.0178704177816463
0.0233011730414396,0.0183687106500234
0.0232513037305794,0.0188659984380903
0.0234666509316013,0.0158745159040807
0.0238454847343979,0.0166481602293904
0.0230000000000598,0.02
0.0200927933851416,0.0079342710716065
0.0190528328858586,0.0041197840077517
0.0190870330275097,0.0036215404690611
0.0189332690394261,0.0016533242930681
0.0193988699841111,0.0053945892615545
0.0194329832061652,0.0048965357822538
0.019745035727565,0.0066688677587866
0.019779025196817,0.0061710263898601
0.0201244672711182,0.0074417418008883
0.0205012892631051,0.0087003409297212
0.0211936941405175,0.0112303459649323
0.0208479038009088,0.0099701348387487
0.0208787956807433,0.0094727289385807
0.0212302633213613,0.0107385047021485
0.0215682184500666,0.0120011177155119
0.021878673876256,0.0137698357614049
0.0219124768299542,0.0132723241373197
0.0219462300799346,0.0127748652430355
0.0222589862290135,0.0145455192353037
0.0232238614561284,0.0193269081202816
0.0237785077429989,0.0176430883323129
0.0238118929473889,0.0171457500932651
0.0238798379234825,0.0161513248878799
0.0232442586474267,0.0197104944645699
0.0194672245969461,0.0043984274281091
0.0191212006471843,0.0031232233643481
0.0191577598274036,0.0026298324861469
0.0191652509308489,0.0020865644485427
0.0192446385401305,0.001304414915453
0.019012934466961,0.0008740758041508
0.0187542859778604,0.0004261140172232
0.0184999999999542,0.0
0.0198130997772305,0.00567307850487
0.0201599264385684,0.0069468039955334
0.0209167400700589,0.0089755560604545
0.0205185825757326,0.0082110729562844
0.0212622171989423,0.0102474710900125
0.0216055255749861,0.0115089564064197
0.0219830165040799,0.0122810483565253
0.022292695851766,0.0140478904459788
0.022673127388956,0.0148235614017633
0.0230871798387212,0.015101469786581
0.0235010744979461,0.0153786094436157
0.0237429136238814,0.0181283180657269
0.0237406357920027,0.0186621782976089
0.0235835365563586,0.0191278659699204
0.0239143577932301,0.0156554258930398
0.0242596441403157,0.0169260874848829
0.0242933629828794,0.0164288165369544
0.0235000000000618,0.02
0.0205405691807278,0.0077192168711239
0.019501565194936,0.0039002199586591
0.0195358204594639,0.0034021087581441
0.0193390378901703,0.0016794605423442
0.0198472214410814,0.005175080492661
0.0198814881250902,0.0046770745833113
0.020193466592334,0.0064491647345108
0.0202273531405959,0.0059514333009151
0.0205735456073339,0.0072245614224032
0.020937116330287,0.0084858790712688
0.0216427541659536,0.0110167453796121
0.0212954963755301,0.009751556289348
0.0213146163728443,0.0092539971893472
0.0216744424233619,0.0105268769189149
0.022018737207384,0.0117887202758023
0.0223264165176377,0.0135503317137362
0.0223601248506178,0.0130528515162682
0.0223952282065641,0.0125577486417091
0.0227067571154074,0.0143260147426273
0.0236885388335219,0.0195624868426099
0.0241860636989471,0.0179059787022069
0.024226078823218,0.0174236961249141
0.0243277322880255,0.0159327015710902
0.0199157875636558,0.0041789959149844
0.0195703078359919,0.0029044424921654
0.0196069442442137,0.0024111565809288
0.0196704262955774,0.0019175875256648
0.019577345611052,0.0009145301823933
0.0196816046448685,0.0014354115289925
0.0192500054351204,0.0004330025773591
0.0189999999999518,0.0
0.0202614237710249,0.0054535732765815
0.0206076583701915,0.0067272685097281
0.0213491977280932,0.0087619726458993
0.0209632419010038,0.0079968565424612
0.0217095499100993,0.0100314977282318
0.0220556034604351,0.0112962671547781
0.0224327624940891,0.0120678419577442
0.0227402928702008,0.0138282597259945
0.0231207385003425,0.0146040795395279
0.0235346317281223,0.0148819776383236
0.0239485716243258,0.0151592110723951
0.0241161168746455,0.0183195346305631
0.0240090930806978,0.0191268560688761
0.0243622127519241,0.0154363367604961
0.0246737225638347,0.0172039996958284
0.0247072151346453,0.0167064833873823
0.0247414162162822,0.0162097921270867
0.0240000000000639,0.02
0.0209866606034562,0.0075012812372446
0.0199503051363667,0.0036806848180971
0.0199845109147944,0.0031825414465337
0.0202955826054476,0.0049556638056095
0.0203298852026194,0.0044577819430001
0.0206417131082346,0.0062296139266318
0.0206756818403132,0.0057318720333476
0.0210216174272376,0.0070055373811558
0.021376378121136,0.0082727891788459
0.0220888983132452,0.0108034812317915
0.0217405922310217,0.0095374742066067
0.021764757325014,0.0090431432895806
0.022121966771246,0.0103080965509095
0.022467296760647,0.0115770900638344
0.0227739911943807,0.0133307791409187
0.0228076750453893,0.0128334776465732
0.0228415602652739,0.012336407130108
0.023154147184716,0.0141061407799258
0.0242898479271187,0.0186941265630964
0.0242506291492238,0.0195669328197831
0.0246402276058263,0.0177016482889975
0.0245906407921098,0.0182445447325605
0.0247756950319488,0.0157134710166839
0.020364444736034,0.0039596224473915
0.0200191287775923,0.0026851319946192
0.0200533406257193,0.0021867436606666
0.0200898713537549,0.0016876779200329
0.0197520793727263,0.0004198418938151
0.0200825728839532,0.0011942840737203
0.0194999999999495,0.0
0.0207097103202498,0.0052341124187977
0.0210556810474409,0.0065079295981333
0.0217877987155384,0.0085525902156871
0.02140240360138,0.0077803954764333
0.0221563533806054,0.0098112320709344
0.0225010197693967,0.0110827812695106
0.0228790926800014,0.0118466652311145
0.0231877493572968,0.0136084015327801
0.0235677647334399,0.0143838044624511
0.023981576522398,0.0146620855810949
0.0243957124414434,0.0149400495052882
0.0245008828533853,0.0191366626539382
0.024809241143756,0.0152172091938935
0.0250878183997416,0.0174818068427676
0.0251212270496816,0.0169843269993869
0.0251550086196401,0.0164873943280034
0.0251893546161647,0.0159907202989325
0.024500000000066,0.02
0.0214354808288963,0.0072838236028882
0.0203986727372157,0.0034615594887976
0.0204329572130809,0.0029634362629068
0.0199999999999469,0.0007790810428077
0.0207439126798998,0.0047363579236338
0.020778226564207,0.004238451174607
0.0210897335892575,0.0060102596716787
0.0211238029296549,0.005512562356292
0.0214695687652735,0.0067862949792488
0.0218185104505139,0.0080590411213255
0.0225350977192886,0.0105861963193329
0.0221902533301077,0.0093222799160855
0.0222040392149172,0.0088319208162619
0.0225694324044678,0.0100894676637212
0.0229146170949271,0.0113548371119803
0.0232213607888784,0.0131112082988317
0.0232551095730208,0.0126142231537028
0.0232911999352474,0.0121190828345814
0.0236011868499873,0.0138862108680164
0.0247737400162138,0.0187127472479804
0.0247486684613395,0.0195685032289526
0.0250619690386425,0.0179679900035703
0.0252226538896477,0.0154944154851712
0.0208125839005323,0.0037406362710262
0.0204672908078166,0.0024649793792255
0.0205020062318057,0.0019662324037119
0.0205363533774335,0.001467531322167
0.0199999999999472,0.0
0.0202624708014447,0.0004409508876693
0.020510004161117,0.0009210456520692
0.021157940787865,0.0050147774371147
0.0215036812021302,0.0062886600555016
0.0222351493153662,0.0083360843550551
0.0218492572555501,0.0075620109490472
0.0226039137838312,0.0095945790816876
0.0229481125608375,0.010862752964479
0.0233271195298236,0.0116247322884387
0.0236349299442733,0.0133886007476736
0.0240142749711789,0.0141637600597682
0.0244286762915451,0.0144426256166885
0.0248426081079957,0.0147207724283973
0.0250488455087494,0.0183854006392392
0.0250042093530317,0.0191466762866208
0.0252560162032092,0.014998120911257
0.0255352277503797,0.0172620992153833
0.0255030932492968,0.0177574086701889
0.0255686233800984,0.0167649192021895
0.0256022153209687,0.0162681239530427
0.0256358131949664,0.0157716969318526
0.025000000000068,0.02
0.0218833566547959,0.0070646203984185
0.0208467747088794,0.0032425445711975
0.0208810538485493,0.0027440225487295
0.0211921414517847,0.004517013749297
0.0212263154636885,0.0040191845350888
0.0215378236784171,0.0057909314889836
0.0215719652893101,0.0052932060557234
0.0219178034347951,0.0065668107361846
0.0222630221053737,0.0078400580909502
0.0229823975188626,0.0103674342139016
0.0226346792732385,0.0091020902058656
0.0226596167771222,0.0086081783224985
0.0230167278979098,0.0098708130567912
0.0233607723267716,0.0111333234324513
0.0236685746459304,0.012891804993952
0.0237023139716199,0.0123950420049753
0.0237373433180111,0.0118985222133788
0.0240482549090189,0.0136665576254998
0.0253492110041618,0.0187455852132752
0.0252409908606295,0.0195754272178691
0.0254686666926193,0.0182561359988098
0.0256691998107059,0.0152753332151228
0.0212601988590037,0.0035212002806849
0.0209155685736527,0.0022454688855411
0.0209504688044143,0.001746278231774
0.0209747903084042,0.001262563954773
0.0204999999999448,0.0
0.0207548333206615,0.0004647844115866
0.0216061046844559,0.0047954590851722
0.0219519544637687,0.0060693392538918
0.0226860557239246,0.008113465807534
0.0222975408173396,0.0073423124394328
0.0230510791606242,0.009374308433944
0.0233954759222425,0.0106416630023933
0.0237698801997692,0.0114018093094004
0.0240819674141812,0.0131692482725055
0.0244620800970459,0.0139455438347312
0.024875805609209,0.0142235422908513
0.025289463698619,0.0145017001560396
0.0254435756920351,0.0191908192624984
0.0257025842138407,0.0147788628703047
0.0259825197688528,0.0170425169267557
0.0259491082709913,0.0175396058552977
0.0259156283985519,0.0180359341658217
0.0260159504843363,0.0165456643594252
0.0260491714869216,0.0160490285286023
0.026082402207832,0.0155525859360476
0.0255000000000701,0.02
0.0223317878607777,0.0068448832915325
0.0212947246892068,0.003023094762452
0.0213290070986592,0.0025246114310537
0.0209843807363866,0.0008260527630141
0.0216402322025165,0.0042976507606631
0.021674366076825,0.0037997648309331
0.0219861266590327,0.005571521840316
0.0220201036518009,0.0050738841953317
0.0223664716620246,0.0063470664385146
0.0227104538157898,0.0076191612856472
0.0234297061387855,0.0101483935572604
0.0230861694091664,0.0088790852304478
0.0231116077261207,0.0083864235198265
0.0234639184275065,0.0096523390225761
0.0238084581268888,0.0109141968749533
0.0241155755753092,0.0126726572830051
0.0241492310761388,0.012176216834003
0.0241830415303487,0.0116793067558207
0.0244955538737592,0.0134473061354593
0.0258803195906802,0.0185308603565206
0.0258328728920599,0.0190021285525964
0.0257792210179062,0.0195163897518085
0.0261159228846921,0.0150562729386836
0.0217085298357124,0.0033017437364122
0.0213632681281362,0.0020269002438884
0.021395614177752,0.001532280297445
0.0214433272057854,0.0009994471025342
0.0209999999999425,0.0
0.0212389486859647,0.0004824226941074
0.0220542429369169,0.0045761734031386
0.0224006244158127,0.0058496522966528
0.0231294856506029,0.0078939435085984
0.0227464054759401,0.0071219171012267
0.0234983818799625,0.009155844866055
0.0238433511785218,0.0104236777180105
0.0242212230817133,0.0111881247476549
0.0245300094385567,0.0129510671746198
0.0249086346860495,0.0137243676520323
0.0253223712323591,0.014004113085551
0.0257359654945772,0.014282615034415
0.0261491174802064,0.0145596853684216
0.026429646304036,0.0168229863158375
0.0263963815639103,0.0173199621058352
0.0263630113473424,0.0178171112989891
0.0263295712403815,0.0183144828151241
0.0264624881981302,0.0163260039689366
0.0264956972922401,0.0158296658278132
0.0265289757732227,0.0153335921181084
0.0260000000000721,0.02
0.0227819597790891,0.0066233787375191
0.0217426865691462,0.0028036147786496
0.0217771520615286,0.0023053383565818
0.0220884649201593,0.0040783280635992
0.0221228186416382,0.0035803699733914
0.0224342884550867,0.0053521177513126
0.0224681957235621,0.0048546341083353
0.0228160970137036,0.0061261661670121
0.0231591746482619,0.0073985900972295
0.0238766242373771,0.0099303623836411
0.0235328488700194,0.0086591613920167
0.023555312590885,0.00817345848315
0.0239088064810751,0.0094371740642324
0.0242574290889789,0.0106979381208596
0.0245633639421819,0.012455033085131
0.0245967892858215,0.0119592495411059
0.024634072750514,0.0114669904435558
0.0249445022108746,0.0132295286098406
0.0262859211194416,0.0187913488311674
0.0262248953124964,0.0192270593447969
0.0265623647062321,0.014837669453567
0.0262332529108009,0.0196678920465203
0.0221570903983634,0.0030823080010456
0.021811196975202,0.0018132573630632
0.0218483822443584,0.0013247223163278
0.0217499999999391,0.0004330127018899
0.0214999999999401,0.0
0.0225026356381874,0.0043568485965899
0.0228486416097585,0.0056295742323901
0.0235756973781918,0.0076768987445331
0.0231948134306532,0.006902322783931
0.0239410911235892,0.0089435445193496
0.0242900952943193,0.010206869310198
0.0246712150965936,0.0109747852268992
0.0249797265076254,0.0127359008320077
0.0253576268065551,0.0135086316651035
0.0257701600965101,0.0137868838171832
0.0261829753127339,0.0140644977482502
0.0265964121998432,0.0143425263016361
0.026875821018502,0.0166026056249726
0.0268429901475514,0.0170999019864831
0.0268099924232521,0.0175973627546382
0.026776957679704,0.0180945978913419
0.0267438259826246,0.018592160654733
0.0269085565239918,0.0161062742057591
0.0269417343109397,0.0156103486832341
0.0269751272133788,0.0151146965506148
0.0265000000000737,0.02
0.0232293663714818,0.0064046596970174
0.0221912275263313,0.0025841491004196
0.0222265128796056,0.0020885136871847
0.0219999999999377,0.0008660094324599
0.0225372569304328,0.0038589257714872
0.0225714520216303,0.0033609312361055
0.0228822323336476,0.0051328263465081
0.0229165682956633,0.00463539706845
0.0232633498225556,0.0059079241049184
0.0236082784362539,0.007180181847153
0.024322893296339,0.0097130833489257
0.0239712000500748,0.0084540604419499
0.0239947976509288,0.0079553658343033
0.0243507682787788,0.009224786755447
0.0247029245600874,0.0104844460807048
0.0250127010858293,0.0122420982690036
0.0250464683264644,0.0117476545542672
0.025081115082739,0.0112527579903528
0.0253939585088511,0.0130140628731375
0.0267049683936773,0.0190655521283748
0.0266479770666034,0.0195604373176399
0.0270086326860495,0.0146192434439375
0.022605578762642,0.00286290596289
0.0222651311693356,0.0016030681508528
0.0223264040886592,0.0011560758400756
0.0222295935926181,0.0004138206867912
0.0219999999999378,0.0
0.02295108502239,0.004137633164529
0.0232963902975976,0.0054108713432138
0.0240219988703551,0.0074573769114742
0.0236427983199947,0.0066827022646569
0.0243806557319065,0.00872891275654
0.024734734674549,0.0099913515278515
0.025116479512064,0.0107601637635657
0.0254262128789193,0.0125219713970671
0.0258048989914782,0.0132916392743562
0.0262171227413573,0.0135698060954234
0.0266299203723037,0.01384690394383
0.0270421320766797,0.0141239993152951
0.0272882842144037,0.0168789871016382
0.027321412471758,0.0163827011281706
0.0272556251181078,0.0173748366312809
0.0272229718059983,0.0178722172100241
0.0271899689822308,0.0183690687263367
0.0271558337738053,0.018860351846606
0.0273543753871241,0.0158868426413381
0.0273875769932115,0.0153913763788775
0.0274209053044423,0.0148958609914307
0.0270000000000744,0.02
0.0236767168701572,0.0061859462115331
0.0226397855058288,0.0023647085859361
0.0226739829617991,0.001866393668383
0.0223775615560244,0.000785101897694
0.0229858713225518,0.0036395465126567
0.0230199687043878,0.003141531113019
0.0233301702408476,0.0049138872454994
0.0233650124258807,0.0044160925300347
0.0237101479577591,0.0056888114640929
0.0240561436557787,0.006960643957288
0.0247633418913495,0.0095010952391293
0.0244066326935694,0.0082326214778232
0.0244351251871892,0.0077351925827099
0.0247901064976957,0.009005907956586
0.0251487392293041,0.0102670642468696
0.0254598021219038,0.0120261128323147
0.025493671883139,0.0115306133287489
0.0255277493414427,0.0110368057459266
0.0258392197256672,0.0127981255066831
0.0270875096986172,0.0193796907923251
0.0274542802032548,0.0144006264554329
0.0230541744145891,0.0026434314123325
0.0227136593763828,0.0013791268178422
0.0227528306321668,0.0009198561052673
0.0224999999999355,0.0
0.0227499999999342,0.0003988000887033
0.0233998866702652,0.0039182048428241
0.0237438627478913,0.0051921254232713
0.0244692270728212,0.0072386049430831
0.0240901595852469,0.0064640453175283
0.0248180311374258,0.0085095751905377
0.0251784068243478,0.0097743765268291
0.0255612622207763,0.0105440654039948
0.0258724234478388,0.012303047077263
0.0262513657579554,0.0130753322767375
0.0266636378682075,0.0133520194043949
0.0270756174765494,0.0136288467594704
0.0274876699384454,0.0139054268692065
0.0277000772257122,0.0171548788791234
0.0277337793047911,0.0166589983597988
0.027766819561977,0.016163369736346
0.0276674622970102,0.0176503177559979
0.02763463663289,0.018145928192782
0.0276019926201794,0.0186424157608329
0.0275757912554464,0.0191869357411263
0.0278001028618763,0.0156680370070316
0.027833432065485,0.0151728460016351
0.0278669878099328,0.0146779355063136
0.0273815978616071,0.0196429653588886
0.0241239165456863,0.005967118217029
0.0230883804814684,0.0021452480121848
0.0231227087592042,0.0016468855917696
0.0234342457426643,0.0034202476437441
0.0234684899622495,0.0029221239103853
0.023778430877133,0.0046947812124252
0.0238139334489852,0.0041966516464803
0.0241577675145789,0.0054702420165758
0.024503303647104,0.0067419529083456
0.0252006476434369,0.0092800563857507
0.0248482741779676,0.008012781731465
0.0248822793361558,0.0075163593316766
0.0252293372573171,0.0087857261585704
0.0255950077115547,0.0100500216257821
0.0259060429738896,0.0118076667421754
0.0259401366067183,0.0113131159004636
0.0259738307432196,0.0108201180884341
0.0262847536062649,0.0125800573451091
0.0279003516549214,0.0141829279408077
0.0275000000000743,0.02
0.0235027084838226,0.0024240316854863
0.0231579613048061,0.001150246549697
0.0232011933399592,0.0006842973241297
0.0229999999999331,0.0
0.0238483177750646,0.0036988288248251
0.024191736875243,0.0049731853190087
0.0249163529453508,0.0070198381950421
0.0245373619119567,0.0062452609985825
0.0252620137527684,0.0082901808052273
0.0256237546942896,0.0095563315207929
0.026007002498149,0.0103265064307472
0.0263184362260177,0.012084552342689
0.026697031986938,0.0128569576421342
0.0271091234861714,0.0131337345841578
0.0275210974459877,0.013410302551954
0.0279333182697707,0.0136874165626144
0.0281124800147746,0.0174298018705259
0.0281460703832062,0.0169353405334622
0.0281792511662834,0.0164398303627747
0.0282125393597608,0.0159445838772519
0.0280784458121787,0.0179251245891235
0.0280438841667212,0.018421498734763
0.0280204606379604,0.0188877550390546
0.0277831824118905,0.0196039251597695
0.0282458310653307,0.0154495535464495
0.0282793471367121,0.0149547340828718
0.0283129525652268,0.0144602042059755
0.0245713454344192,0.0057484032938617
0.0235363728590245,0.0019261694958784
0.0235652864423468,0.0014272772216369
0.0232420997914994,0.0002877854952719
0.0238821806026691,0.003201568860193
0.0239163338642322,0.0027041917697085
0.0242266264347009,0.0044757512440056
0.0242620026197134,0.0039774878598447
0.0246052600920122,0.0052513656830882
0.0249504616004183,0.0065231889782339
0.0256438581714687,0.0090628214574367
0.0252954657960656,0.0077938597121123
0.0253293572764342,0.0072976066073335
0.0256747914775742,0.0085673780501816
0.0260411711906554,0.0098318974331197
0.0263521277808143,0.0115900767261972
0.026385530233234,0.0110969004560234
0.0264186628370542,0.010604070893122
0.0267306356805212,0.0123615607215482
0.0283460609847764,0.0139651903348456
0.0280216249322328,0.0192950453148401
0.0280000000000742,0.02
0.0239466632123414,0.0022124734134842
0.0236014957253273,0.0009454305512031
0.0236904158002077,0.0004285807309358
0.0234999999999308,0.0
0.0242964671870455,0.0034797400652573
0.0246399831648329,0.0047541446339702
0.0253634939133447,0.0068010715457282
0.0249845469189156,0.0060264225558157
0.0257081876518817,0.0080713790593205
0.0260714575434149,0.0093385697876855
0.0264528025111057,0.010109171890397
0.0267642963686345,0.0118663513471583
0.0271424377733434,0.0126387602035911
0.027554597616654,0.0129152902296231
0.0279663770860974,0.0131917055221284
0.0283783525083963,0.0134689461567441
0.0285579844645179,0.0172107212775086
0.0285237061310615,0.0177062031873302
0.0285916121325454,0.0167157923698726
0.0286248296987609,0.0162208328335635
0.0286580515923988,0.0157258704874727
0.0284887549202513,0.0182026042551073
0.0284598876268123,0.0186928619444626
0.0284830110206486,0.0191879832791944
0.0282456793352184,0.0196086273550559
0.0286915133757509,0.0152312498224342
0.0287250524593456,0.0147368556794983
0.0287583363147412,0.0142425896281695
0.0250186570051464,0.0055295940881233
0.023975653507493,0.001723036823308
0.0239994758852207,0.0012352751295286
0.0243290633921866,0.0029845225568033
0.0243596998453656,0.0024945511000335
0.0246747559806021,0.004256951652972
0.0247097455231779,0.0037593267116065
0.0250530221926017,0.005032574206195
0.025397701169006,0.0063043813321525
0.0260951837606188,0.0088441935525711
0.025742200234723,0.0075752747877788
0.0257763290924624,0.0070789741363745
0.0261246607739114,0.0083486920114603
0.0264868240664558,0.0096146358886486
0.0267973656961825,0.0113738098164235
0.0268304938687874,0.0108809406202859
0.0268644335469136,0.0103863798945022
0.0271758159412655,0.0121441923511757
0.0287906635113631,0.0137459023354356
0.0285000000000741,0.02
0.0243851110617006,0.0020185833026016
0.0240482049670626,0.0007658236711566
0.0239999999999285,0.0
0.0247427539916286,0.0032633840134965
0.0250877606326337,0.0045354358726938
0.0258109172223714,0.0065820411835303
0.0254319707525535,0.0058075906355824
0.0261548492058169,0.0078528265021489
0.0265180940205931,0.0091201658538216
0.0268987936279807,0.0098913787540956
0.0272090610373356,0.0116506516675836
0.0275874219285104,0.0124208256929075
0.027999019984272,0.0126972195564153
0.0284102291829129,0.012973297719662
0.0288217103669629,0.013249740793774
0.0290036831608756,0.01699190617504
0.0289700125726716,0.0174872310231582
0.0289357092685801,0.0179832148574204
0.0290370672543178,0.0164969737457629
0.0290702280237501,0.016002212477027
0.0291038975783479,0.0155078446733051
0.0289024253599036,0.0184799216486807
0.0289132058322322,0.0189247287314651
0.0287416394182628,0.0196001157686295
0.0291376210735169,0.0150136922429063
0.0291703310170833,0.0145190440163604
0.029202675735482,0.0140236276328728
0.0254662591538489,0.0053106680354609
0.0244404680858296,0.001541006556106
0.0244372452029666,0.0010696361771361
0.0241112726130702,0.0003529184077441
0.0247750872455764,0.0027668156636374
0.0248125859176176,0.002273539142276
0.0251229518530593,0.0040384079735725
0.0251566936948521,0.0035413958507984
0.0255005577049173,0.0048137580101937
0.0258456635685253,0.0060851063364502
0.0265461072121239,0.0086251679029029
0.0261893564613974,0.0073564248261708
0.0262245657514707,0.0068591604137343
0.0265727663126452,0.0081299885841845
0.0269331990062606,0.0093963535324699
0.0272418529769567,0.0111580458875456
0.0272759408845021,0.0106635333263261
0.0273102671491249,0.0101685883611442
0.0276202267797938,0.0119272479325116
0.0292344845299448,0.0135277820210136
0.0289400706029887,0.0192953523799335
0.0290000000000745,0.02
0.0248451355845262,0.0017917533947167
0.024449324575583,0.0005631010303921
0.0244999999999264,0.0
0.0251891727555,0.0030450962050613
0.0255351100848116,0.0043167091656637
0.0262589153687816,0.0063625509659287
0.0258797813063863,0.0055884592158392
0.0266062755654952,0.0076331479197498
0.0269677287146777,0.0089015737663265
0.0273446839127325,0.0096735895716074
0.0276533443306966,0.0114343412482241
0.0280314473309125,0.0122036836871527
0.0284424365791614,0.012479796083795
0.0288532357466036,0.0127555891873708
0.0292651386739395,0.0130326494691129
0.0294491578926005,0.0167731048221266
0.0294158789278445,0.0172682193177853
0.0293823268158391,0.0177639720327411
0.0293491414930394,0.018260295656573
0.0294823323012436,0.0162783870165579
0.0295159424019386,0.0157844429081673
0.0295501931302994,0.0152903907170661
0.0293257388872226,0.018742194762329
0.0293416482125217,0.019166769176504
0.0292208485312784,0.0195971649438747
0.0295833929322705,0.014796314658737
0.0296151584840829,0.0143011892614562
0.0296468983523197,0.0138059750724679
0.0259137989075083,0.0050918146509746
0.0248788023435371,0.0013033231659636
0.0248494222767202,0.0008064616538592
0.0252225085969198,0.0025479046517037
0.0252648882240438,0.0020504272518433
0.0255694232873747,0.0038195520421907
0.025603462775976,0.0033228721527802
0.0259480489251748,0.0045948707594276
0.0262932764950552,0.0058660236951255
0.0269982096902971,0.0084063936490537
0.0266381744487406,0.0071360280401932
0.0266722377933034,0.0066395840919922
0.0270278665477202,0.0079110963251114
0.0273790724943565,0.0091786843106565
0.0276871542016107,0.0109404393989837
0.0277214922800116,0.0104458230292337
0.0277557765490317,0.009950796384895
0.0280641851024939,0.0117110429029974
0.0296766219259818,0.0133099188910712
0.0297379619320599,0.0189907825711533
0.0295000000000758,0.02
0.0252956034958894,0.0015564601978195
0.0248147821917874,0.0003688184953902
0.0256367581022723,0.0028261831855873
0.0259823874293152,0.0040978980827549
0.0267064865113027,0.0061433292421972
0.0263271717413181,0.0053696651316095
0.0270557972142659,0.0074153799933303
0.0274131020873708,0.0086809464733308
0.0277900868525615,0.0094528302717743
0.0280981545176183,0.0112171823323686
0.0284752623514816,0.0119867421515353
0.0288856323671561,0.0122628778212009
0.0292965347403559,0.0125382327783275
0.0297082447337882,0.0128146331431202
0.0298943317622926,0.0165542451428069
0.0298612464591539,0.0170491784165074
0.0298284140882957,0.0175446943011547
0.0297954787822329,0.0180407171274944
0.0297625547580573,0.0185314936495527
0.0299277856445208,0.0160600813421003
0.0299613082642143,0.0155662430245977
0.0299953384627337,0.0150727577351545
0.0297415610467462,0.0195057568328292
0.0300276080258069,0.0145779590805167
0.0300584223667082,0.0140826592668498
0.0300880553618939,0.0135879432749025
0.0263612010187667,0.0048731037963377
0.0253012036156998,0.0010482699421392
0.0252751641067822,0.0004745297926997
0.0249999999999251,0.0
0.0256707348759852,0.0023288641466588
0.0257075621591735,0.0018313425696128
0.0260168084299167,0.0036008716898296
0.0260508153932754,0.0031042439406793
0.0263954676055563,0.0043762774678741
0.0267403271471967,0.0056473029351316
0.0274455188169965,0.0081837295170239
0.0270851027919681,0.0069163933108861
0.0271189903883731,0.0064206909684554
0.0274750276085301,0.0076941487239886
0.0278217946181809,0.0089503753494652
0.0281324412753273,0.0107229913772277
0.0281669507064671,0.0102285859862163
0.0281989104879058,0.0097258662006177
0.0285088923618145,0.0114937457425911
0.0301186031120727,0.0130901500159893
0.0301668240226315,0.0187957991800113
0.0300993873384196,0.0191955961055381
0.0300000000000779,0.02
0.0257409281618375,0.0013336845119378
0.0260846778752075,0.0026073172620315
0.0264299379146135,0.0038796066775296
0.0271530224048742,0.005924915926886
0.0267743215795003,0.0051510583359702
0.0274995932477764,0.0071951070740672
0.0278554047191233,0.0084516129274246
0.0282294499101234,0.0092251021858231
0.028543132324317,0.0109998659961363
0.0289193845044632,0.0117700958518116
0.0293297750027243,0.0120456969588026
0.0297396568371612,0.0123216432525719
0.0301505744177373,0.0125960428119658
0.0303393048825641,0.0163357067106034
0.0303063409861081,0.0168302344419563
0.0302734971226236,0.0173251934402137
0.0302411364743802,0.0178209597908436
0.030208628840535,0.0183174151244225
0.030372610226218,0.0158416630542833
0.0304059797195754,0.0153481223908146
0.0304391899745522,0.0148548833913571
0.0304694818142504,0.0143590457124943
0.0304983690007924,0.0138635401249163
0.0305281028682213,0.0133666529865722
0.0302798059166726,0.0195713458031455
0.0305707837739879,0.0191142961405509
0.0268085599604304,0.0046545308156096
0.025749967242659,0.0008291101347198
0.025499999999925,0.0
0.0261189907554348,0.002109835718815
0.0261534007879327,0.0016120285763852
0.0264642247481849,0.0033826418251015
0.0264984555202545,0.0028858207169295
0.0268429191213461,0.0041579135036503
0.0271871369316213,0.0054289384691692
0.0278862781538799,0.0079591607607628
0.0275311920758004,0.006697844179898
0.027565368121877,0.0062022428555399
0.027914989832371,0.0074689502712155
0.0282620238245209,0.0087253271247723
0.0285776773574268,0.0105047423042095
0.0286104702526106,0.0100086963692978
0.028635570729515,0.0094967926896422
0.0289535798312708,0.01127667332491
0.0305592449543089,0.0128718901018775
0.0306214800268767,0.0185941244209643
0.0305000000000799,0.02
0.0261864226991248,0.0011160866179286
0.02580776513049,0.0003722324589192
0.0265327081680371,0.0023885507801155
0.0268774232179058,0.0036611950626378
0.0275996274507961,0.0057066462738376
0.02722151256521,0.0049326331298451
0.0279428752268315,0.0069745289186331
0.0282904394708726,0.0082297350052561
0.0286683129480561,0.0089994214786667
0.028988828465126,0.0107761800256673
0.0293639508103951,0.0115525506962187
0.0297750604221122,0.0118269116634868
0.0301853469844535,0.0121018600693702
0.0305980678743027,0.0123722135481322
0.0307509646684461,0.0166114901241568
0.0307840161221201,0.0161172177249259
0.030718307321647,0.0171058947491497
0.0306855374061569,0.0176001989416705
0.0306532996462127,0.018097017875136
0.0308166768943182,0.0156233474477529
0.0308492472902543,0.0151293339951625
0.0308813164275954,0.0146366726740576
0.0309108732663668,0.0141447334270375
0.0309377294265028,0.0136437545954821
0.0309666490588807,0.0131480015011866
0.0307497210277827,0.0195671483628371
0.0310310851794974,0.0188536593195572
0.0272558867403942,0.0044362528578854
0.0262100957470816,0.0006524420893326
0.0259999999999248,0.0
0.0265673059213252,0.0018908402755804
0.0266006545926955,0.0013947817061068
0.0269118115692975,0.0031643147820599
0.0269461205414422,0.0026672488605004
0.0272904170096859,0.0039394108581929
0.0276339413568175,0.005210817687846
0.0283259163376237,0.0077391647700423
0.0279772124016586,0.006479601955823
0.0280116382314921,0.005983730973487
0.0283574371405266,0.0072480063731098
0.0287000296003712,0.0085058293832338
0.0290193202578274,0.010270682135425
0.0290488890864697,0.0097729876635559
0.0290771635698483,0.0092739876679864
0.029397912415933,0.0110524426066511
0.0310054767237193,0.012649538531625
0.0310650886879223,0.0183702889876725
0.030999762615204,0.0192629871353887
0.031000000000082,0.02
0.0266238219095624,0.000924481234142
0.026249999999925,0.0002577095860875
0.0269807526696909,0.0021697598986943
0.0273249851840013,0.0034425766854313
0.0280459774974675,0.0054883016795582
0.0276682736258314,0.0047148148264745
0.0283891195389973,0.0067552277676202
0.0287340652423604,0.0080128883683744
0.0291101208709455,0.0087819609213433
0.0294279860853655,0.0105433447644518
0.0298072082629365,0.0113319234182769
0.0302218153592998,0.0115995743189348
0.0306297907988449,0.0118613984577553
0.0310395695545796,0.0121319452807034
0.0311627560868783,0.0168871785445807
0.0311948829519174,0.0163927540111876
0.0312274284746627,0.0158987153506922
0.0311299894595139,0.0173813809458138
0.0310976084273334,0.017877062563693
0.0312602341703211,0.0154051617033666
0.0312925670019932,0.0149115503943294
0.0313265392181555,0.0144204891239648
0.0313471408907318,0.013917276858166
0.0313752414740237,0.013422322675014
0.0314073947398551,0.012934286588516
0.0312418236553325,0.0195876899938638
0.0314830848513267,0.0186366880019661
0.0314866010768801,0.019158526178294
0.0277031043937836,0.004217649024623
0.026695032416935,0.0004255571315752
0.0264999999999246,0.0
0.0270154304905912,0.0016721772615946
0.0270370166905187,0.0011912554641971
0.0273594287810967,0.0029457279460014
0.0273940148374318,0.0024484825564779
0.0277377804985048,0.0037221097482713
0.0280804826398882,0.0049930577504915
0.0287679664616638,0.0075214047791914
0.0284230175856853,0.0062611933175708
0.0284576482241784,0.0057654485442078
0.0288013581435107,0.0070290654116344
0.0291439802466746,0.0082885315988991
0.029459683519493,0.0100420960121104
0.0294896142513853,0.0095482722461681
0.0295215756106583,0.0090555142993567
0.0298352479100044,0.010810082469496
0.0314438503405116,0.012424385289831
0.0315093645549566,0.0181524298336206
0.031500000000084,0.02
0.0270171547862654,0.0007736699910798
0.0274285272871628,0.0019515789180201
0.0277725676851765,0.0032239722767728
0.0284919917278909,0.0052707629293193
0.0281148048896564,0.0044983061220086
0.0288351374579367,0.0065358341458627
0.0291780281739961,0.0077952508947488
0.0295542302211473,0.0085638473466995
0.0298669239438091,0.0103085853373613
0.0302452935747845,0.0110897394508082
0.0306524530103144,0.0113555800790429
0.0310726210772349,0.0116199166421763
0.0314674390209753,0.0119096948324884
0.0316067258840728,0.0166681314430358
0.0315745631339211,0.0171626681009531
0.0316385852110509,0.0161739340237251
0.0316701754982483,0.0156798771931948
0.0315417948040301,0.0176570646108253
0.0317023087334918,0.0151882989110526
0.0317360751205353,0.0146950732874537
0.0317559076399258,0.0141896825894359
0.0317835110952318,0.0136961075134184
0.0318165388988472,0.0132069675977295
0.0318371064974562,0.0127116289979698
0.0317350265718916,0.019598738491746
0.0319209087318946,0.0188869383393903
0.0319209362785614,0.0184279863992727
0.0281495415728163,0.0040017539854911
0.0272434390475909,0.0004246210080781
0.0269999999999245,0.0
0.0274618399115175,0.0014558401574067
0.0274864638667199,0.0009024351174068
0.0278070350121058,0.002727212866579
0.0278418494299669,0.0022300804694605
0.0281850124815543,0.0035043726149687
0.0285262965808129,0.0047761214344889
0.0292123742588354,0.00730327107905
0.0288685896388052,0.0060422423062473
0.0289030118304776,0.0055480369279559
0.0292461140031045,0.0068106483249721
0.0295879061004565,0.0080713099517039
0.0298982520967707,0.0098168021480353
0.0299321216250721,0.009328245685964
0.0299644092460363,0.0088382939111421
0.0302732319604152,0.0105832735978513
0.0318576649227373,0.0122276257759213
0.0319533631962508,0.0179326747795245
0.0319564596345395,0.0192776209541852
0.0320000000000861,0.02
0.0278772763837788,0.0017331331644867
0.028220048358749,0.0030056042493788
0.0289375381679832,0.005053545543813
0.0285610263138853,0.004281712817687
0.0292797814262749,0.00631758243625
0.029621947181891,0.0075784122259256
0.0299976325712266,0.008346911257321
0.0303070697337208,0.010092628939484
0.0306818049457365,0.0108580028212473
0.0310918130362245,0.0111293984079129
0.0314974449937188,0.0114005448933246
0.0318964943715075,0.0116944539575531
0.0320188696453272,0.0169439205135729
0.03205155421398,0.0164501637088197
0.0319862317082253,0.0174380927198892
0.0320809078277428,0.0159548991871361
0.032112156094209,0.0154632473529599
0.0321395490395007,0.0149656921286383
0.0321659812899311,0.0144680160014237
0.0321918480309112,0.0139665938989568
0.0322244135248218,0.0134820886269444
0.0322492090410769,0.0129753733985732
0.0322505375938655,0.0124801508966433
0.0322226941677051,0.0195929338581832
0.0323402251846292,0.018694150746185
0.0323409550273779,0.0191402458793913
0.0323657861746109,0.0182084045909458
0.0285955208595133,0.0037863735853877
0.0274999999999243,0.0
0.0277499999999236,0.0004330127018911
0.0279156267835546,0.001236890174499
0.0282545078213029,0.0025088295676982
0.0282893207883409,0.0020122246345371
0.028631759876585,0.0032858848665005
0.028972026576335,0.0045591710574666
0.0296559871776044,0.0070857995269462
0.0293137647969684,0.0058245464528747
0.0293481394151869,0.0053305387872428
0.0296899960496506,0.0065931269374989
0.0300315193013829,0.0078541343889134
0.030340726918312,0.0096027910935455
0.0303733473528093,0.0091137840989203
0.0304069765091373,0.0086220480254816
0.0307155284716992,0.0103672935867762
0.0322888029622173,0.0119764632205275
0.0323980621203053,0.0177133795248945
0.0325000000000882,0.02
0.0279800827689649,0.0008032730394059
0.028326223899075,0.0015138666389767
0.028667389484914,0.0027870229317331
0.0293827610190452,0.0048363836331559
0.029006581410354,0.0040645518052744
0.0297240717843225,0.0061003963115642
0.0300655563101823,0.0073615358659051
0.0304408445875952,0.0081299674614169
0.0307493541541013,0.0098774906364209
0.0311235732914328,0.0106414764581688
0.0315326534811037,0.0109121314900103
0.031935138463613,0.0111882777557774
0.0323324758657834,0.0114641172672791
0.0324306129819551,0.0172192591834766
0.0324622095443352,0.0167247547066807
0.0324924729368169,0.0162303161993126
0.0325228576065936,0.0157364667656212
0.0325482052905817,0.0152396725220996
0.0325725677082557,0.0147398446968403
0.0325981649603255,0.0142403847618954
0.0326337860559197,0.013738652443107
0.0326642186239486,0.0132359862354098
0.0326749105931919,0.0127294807822577
0.0326934974072537,0.0122393609165769
0.0327390558624748,0.0194970637441086
0.0327792490378811,0.0184840860935572
0.032746904508397,0.0189802894031345
0.0328101360718799,0.0179886610127774
0.0290432500013622,0.0035654287536375
0.027999999999923,0.0
0.028307184374088,0.0004870468828981
0.0283609862641789,0.0010152714485506
0.0287024733900132,0.0022901858663597
0.0287366761555341,0.0017959459739666
0.0290793380734168,0.0030665070638971
0.0294175212201266,0.004342047398132
0.030099598597911,0.006869056358959
0.0297582763861122,0.005607434638404
0.0297929911088767,0.0051138142678049
0.03013370938365,0.0063764773742102
0.0304744115445545,0.0076388972948526
0.0307822234454034,0.0093881922183865
0.0308158027778094,0.0088971176192327
0.0308496959303524,0.0084056775259179
0.0311573173263539,0.0101514273368029
0.0327314463878297,0.0117432143107503
0.0328422485208631,0.0174943413302225
0.0331804887156979,0.0187580873289857
0.0330000000000902,0.02
0.0287668084544203,0.0013076342923647
0.0291146152213876,0.0025687032643029
0.0298279079144512,0.0046194190422662
0.0294533568089471,0.0038451340063886
0.0301679321487206,0.0058838950382593
0.0305086450189377,0.0071455690825637
0.0308838780051779,0.0079158143474427
0.0311907158379614,0.0096617090405258
0.0315647433908574,0.0104252403953751
0.0319721728047115,0.0106989345887163
0.032374318760174,0.0109794034362237
0.0327801437377051,0.0112534946488133
0.0328744847428661,0.0170004872676415
0.0329047432505437,0.016505577083545
0.0329325651777061,0.0160100357440733
0.0329553721086664,0.0155120608339141
0.0329767786276557,0.0150069699243531
0.0330050862950787,0.0145172339773326
0.0330379810548619,0.0140031484335282
0.0330684745281043,0.0134961957559539
0.0330989888935061,0.0129853383063555
0.0331169703944681,0.0124915227427481
0.0331569628725696,0.0120055505102204
0.0330999219043685,0.019182506427399
0.0332193110969283,0.0182658675281723
0.0332539499727842,0.0177691475070338
0.0332662744501623,0.0195764689242893
0.0294905338383061,0.0033456910645648
0.0284999999999218,0.0
0.0288733731595744,0.000802777540412
0.0291494841444369,0.0020732932454071
0.0291680884020925,0.0015926365279392
0.0295267323613247,0.0028469278864653
0.0298629316210329,0.0041250744343722
0.0305432448578646,0.0066531591141573
0.0302023574037896,0.0053914854723189
0.0302377951400718,0.0048967016631819
0.030577155272731,0.0061599212649525
0.0309160260440512,0.0074263626228736
0.0312241911765839,0.0091716264666604
0.0312579905113881,0.0086808542901543
0.0312932796496809,0.0081922885952444
0.0315983989838002,0.0099354323610327
0.0331910448845801,0.0115190054427756
0.0332859858455961,0.0172753295698823
0.0336167606614589,0.0185551009694845
0.0335668859851104,0.0191006227364767
0.0335000000000923,0.02
0.0287818888431102,0.0003393812791845
0.029183370780528,0.001187530287813
0.029561406103103,0.0023507782422106
0.0302732377422236,0.0044023242959687
0.0298993227625008,0.0036280105823506
0.0306114836559339,0.0056677587798278
0.0309525829804726,0.0069269334820743
0.0313271980086447,0.0077046179417334
0.0316319970694854,0.0094457425560983
0.0320052997222538,0.0102097818114247
0.0324122193294037,0.0104837173035929
0.0328190444303928,0.0107568116774255
0.0332249947200328,0.0110301814169762
0.0333172724582397,0.0167816399420668
0.0333506639089328,0.0162890157694046
0.0333670581072769,0.0157875800288178
0.0333887439506676,0.0152916519266207
0.0334120533004741,0.0147938833511927
0.0334427370452539,0.0142927448748393
0.0334737895764817,0.0137634446619552
0.0335020829639077,0.0132506044553678
0.0335307967012501,0.0127629118846427
0.0335628424477259,0.0122765175174772
0.0335974883671803,0.0117900557040264
0.0336653414758767,0.0180448012330063
0.0336958496501189,0.0175531227441895
0.0337527792753323,0.0195848550263137
0.0299377277951547,0.0031262158070733
0.0289999999999211,0.0
0.0292288866820457,0.0004070819726125
0.0295206507465874,0.000862633602891
0.0295889954936273,0.0018571863221577
0.0295879331399654,0.0013719694754582
0.0299734744612101,0.0026286905037007
0.0303108681322433,0.0039044960660138
0.0309877778934851,0.0064409971221844
0.0306461085691079,0.0051758167767157
0.0306841681019815,0.004677350124017
0.0310211687137605,0.0059452442526151
0.0313609232049305,0.0072153124954811
0.0316657116677218,0.0089557174091447
0.0317006838018827,0.0084671056507498
0.0317359568924262,0.0079800862867257
0.0320391766064057,0.00971974625274
0.033630761688735,0.011303012873334
0.0337267136978759,0.0170561995236431
0.0340772542726518,0.0183203456291561
0.0340453550154592,0.0188142572630224
0.0340000000000944,0.02
0.0300077423626939,0.002132766984766
0.0307212474324251,0.0041815223266746
0.0303484235200795,0.0034055219788163
0.0310549039911571,0.0054520703050975
0.0313971716614608,0.0067262038786022
0.0317678045923688,0.0074947201800036
0.032072676381967,0.0092296999438685
0.032444965056153,0.0099939106993961
0.0328525490822717,0.0102658632032267
0.0332602985956605,0.0105374254398453
0.0336645402369794,0.0108143738889272
0.0337542282548323,0.0165557295416052
0.0337764394391625,0.0160593441090002
0.0337985640585258,0.0155633717898941
0.0338191477517685,0.0150671951766225
0.0338497896917373,0.0145828412278659
0.0338726457004894,0.0140460403874862
0.0339014168375825,0.0135205470745249
0.033935544491911,0.0130338871323819
0.0339694443266396,0.012548513468197
0.0340025481248964,0.0120620976684466
0.0340357457550252,0.0115755738037443
0.0340162208917329,0.0192363611797624
0.0341075480163874,0.0178286337981462
0.0341279444126734,0.0173316419253898
0.0342500000000952,0.0195669872981065
0.0303851657721658,0.002906616673093
0.0294999999999209,0.0
0.0297499469330155,0.0004130266963648
0.0300258207310636,0.0011469444786227
0.0300414110876536,0.0016354851808513
0.030419975808351,0.0024110466475077
0.0307598445825,0.0036820139038325
0.0314340304471806,0.0062293332603069
0.0310919737929941,0.0049558362343708
0.0311351042651191,0.0044511828583552
0.0314643558047372,0.005729418569577
0.0318010535865597,0.007005962242889
0.0321070069246431,0.0087407991004899
0.0321420594411884,0.0082531905989721
0.0321758501674825,0.0077660045264569
0.0324785830841216,0.0095013446584224
0.0340682407819012,0.011087266922736
0.0341488787234272,0.0168266064045496
0.0345194856109087,0.0181045403196924
0.0344895579445394,0.0185961236186142
0.0344984454697966,0.0191262849838364
0.0345000000000962,0.02
0.0300059144906737,0.0007417113028248
0.0304544488431726,0.0019152800129765
0.0311722421462008,0.0039566250631728
0.0307961984396614,0.0031849217750195
0.0314979654307228,0.0052362100837023
0.0318381034771912,0.0065054303246565
0.0322090847897243,0.0072780669502255
0.0325131312612478,0.0090142362230473
0.0328833962800818,0.0097768555715009
0.0332931752999052,0.0100465339729582
0.0336995837639086,0.0103181190819156
0.0340993845388829,0.0105955530167212
0.0341755524808483,0.0163270293308836
0.0342040079247348,0.0158337218591984
0.0342266650442011,0.0153397938924356
0.03425693795691,0.0148560195671529
0.0342718827927485,0.0143266656466635
0.0342989345180536,0.0138138248514205
0.0343376226763647,0.0132993478887212
0.0343735845127254,0.0128190183574128
0.0344071424406265,0.0123337723999017
0.0344401719275619,0.011847531630162
0.0344734150891627,0.0113618136947601
0.0345342014584855,0.0176035066181737
0.0345463507060069,0.0170933789611296
0.0345055973826222,0.010873274258929
0.0347496922028933,0.0195897214886649
0.0308316918835948,0.0026886602497203
0.0299999999999208,0.0
0.0302487685021034,0.0004093126666801
0.0304850643012561,0.0014095354892875
0.0304843855405987,0.0008766390695652
0.0308663399728418,0.0021934340886022
0.0312088350946756,0.0034605598802961
0.0318721276608372,0.0060037378470222
0.0315335923998762,0.0047423872583369
0.0315848107946488,0.0042312462339904
0.0319064047867574,0.0055116632758272
0.0322430344061736,0.0067857127343709
0.0325473742437482,0.0085260476492584
0.0325817186616434,0.0080382274670476
0.0326157061413098,0.007551198623226
0.0329197140011803,0.0092866004867294
0.0345624827883266,0.016595659144646
0.0349509809714486,0.0178967845286845
0.0349336949972652,0.0183777253846742
0.0349548364309533,0.0188513852890531
0.0349025093457782,0.0111603199575519
0.0350000000000971,0.02
0.0309013967742113,0.0016974703161212
0.0316194668346607,0.0037375502199827
0.031243229784953,0.0029661579643589
0.0319407413778592,0.0050201888783166
0.032280002689774,0.006276995768125
0.0326493972566369,0.0070633604515052
0.0329532128117762,0.0087994779931185
0.0333268993243231,0.0095575810800319
0.0337330776159001,0.0098263041366444
0.0341369907449267,0.0100976786243527
0.0345206625643072,0.0103806476755214
0.0346038915973454,0.0161035399264618
0.0346330827546495,0.0156140848060783
0.034665796395193,0.0151266085800651
0.0346665153345405,0.014619226482329
0.0346894949445449,0.0141008688025158
0.0347205441565915,0.0135894793086113
0.0347761274767373,0.0131041099303783
0.0348115871470464,0.0126053093546523
0.0348409969585389,0.0121199410861275
0.0348774397700967,0.0116338486954062
0.0349920193008995,0.0192567053957477
0.0349588832952262,0.0173763886487719
0.034972790393594,0.0168676186724761
0.0349440878557546,0.0106636295988502
0.0352500176661486,0.0195877716781677
0.0312779006582426,0.0024712260984927
0.0304999999999206,0.0
0.0307429821884625,0.0004307236110691
0.0309296487523751,0.0012040278028743
0.0313122628144729,0.0019765891692544
0.0316541298181688,0.0032435538351972
0.0323147350309261,0.0057889731030122
0.0319771762832858,0.0045274087236058
0.0320297382258868,0.0040142638599741
0.0323493190938332,0.0053001167165323
0.0326846756316653,0.0065717361283861
0.032987172036972,0.0083115899803374
0.0330214890938988,0.0078242300465706
0.0330557014094031,0.0073369664369869
0.0333600020217832,0.0090711331267285
0.03500461394584,0.0163799017893628
0.0353628697753797,0.0181628396190679
0.035365494958972,0.0176499009896123
0.0353776632051362,0.0186278184357487
0.0354402155311302,0.0191233096351519
0.0352931333867039,0.011432485284649
0.0352847140171889,0.0110485656108292
0.035500000000097,0.02
0.0309584527530546,0.0007890842399373
0.0313447921874733,0.001484219817633
0.0320645614960039,0.0035204613675887
0.0316891994943942,0.0027489045835215
0.0323835055599378,0.0048050049171762
0.0327221874615064,0.0060829012231007
0.0330888103723945,0.0068493059626983
0.0333925804773804,0.0085846018527685
0.0337646885900917,0.0093405209435658
0.0341652742686261,0.0096086001959028
0.034573722885976,0.0098838519722416
0.0348798738594732,0.0101549251212043
0.0350385375394877,0.0158900767493343
0.0350723383686774,0.0154007020606809
0.0350846871612326,0.0148985416466892
0.0350905075734056,0.014389905498086
0.0351098596828656,0.0138895284781781
0.0351701269943625,0.013396624132892
0.0352163422274264,0.012877151935297
0.035248801196016,0.0123915060102206
0.0352608392698857,0.0119076784264221
0.0353817681604717,0.0171418714551657
0.0354124522434909,0.016654119087508
0.0355572556644601,0.010705973241166
0.0357265838332478,0.0112804199719287
0.0357501029957577,0.0195738420801391
0.0317241050135785,0.0022540080366884
0.0309999999999204,0.0
0.0312439038665695,0.0004810569016353
0.0314080516229693,0.0009595514779434
0.0317571905049834,0.0017648158827676
0.0321001558189929,0.0030260563902034
0.0327570800198177,0.0055915502090214
0.0324201672621677,0.0043117379349736
0.0324706360578509,0.0037973619773232
0.0327905184071144,0.0050898475548364
0.0331240805720328,0.0063610658490018
0.0334266021523123,0.0080971971903902
0.0334606085371049,0.0076100548296797
0.0334945546135612,0.0071225907498068
0.0337981412557861,0.0088556983009907
0.0352340438985614,0.0103344655504195
0.0354455477530467,0.0161639153211007
0.035772683775913,0.0184042032708167
0.0357746391072409,0.0179235892212995
0.0357886384591202,0.0174200342407003
0.0357491911700219,0.0188146917235805
0.0355954838917998,0.0117208468763381
0.0361162327296891,0.010957262654689
0.0360000000000969,0.02
0.0318051980663194,0.0012926356107296
0.0325106355491771,0.0033031062932462
0.0321352565333471,0.0025316373703018
0.0328258686698743,0.0045883539340695
0.033157004130587,0.005872350350709
0.0335285330340103,0.0066348330810678
0.0338315449241833,0.0083700303619783
0.0342016778303836,0.0091248345535698
0.0345792666780609,0.0093773156284456
0.03491012828789,0.0096518302506764
0.0352139930595317,0.0099293300720672
0.0354790978706615,0.015674676541752
0.0355129093476258,0.0151864035244609
0.0355254698691134,0.0146906952596753
0.0355280118589213,0.0141940719795173
0.0355869886697396,0.013708724189
0.0356312393708344,0.0131868422862597
0.035652071094299,0.0126745327612798
0.0357062554074511,0.0122015072431783
0.035977320746571,0.0191593352171447
0.0358217943670456,0.0169282380068159
0.035853114422057,0.0164376461429106
0.0355953901985844,0.0102035746480721
0.0359906075617104,0.0117821434555123
0.0362599350276152,0.0114184195438376
0.0360291645034471,0.010482146719698
0.0362027332634197,0.0187071843479542
0.0362502047321588,0.0195699702616333
0.032170194599942,0.002036723908333
0.0314999999999197,0.0
0.031749999999919,0.0004330127018905
0.0322057336118478,0.0015652839340217
0.0319992368779325,0.0008633628583766
0.0325468924685683,0.0028087080278837
0.0331958886219751,0.0053732326223648
0.0328644166114276,0.0040932246373989
0.0329238611096894,0.0035794296484129
0.0332323330954255,0.0048700398638319
0.0335629231978736,0.0061468967833421
0.0338656187556333,0.0078828810906609
0.0338997958524683,0.0073956957864294
0.0339337986799455,0.0069084600859014
0.0342361324244771,0.0086419736507362
0.035885972652218,0.0159480818975278
0.0361690061342794,0.0181890962772497
0.0361994012134618,0.0176949767094244
0.0362291509455502,0.017202632298503
0.0365000000000969,0.02
0.0322520477364117,0.0011590784874055
0.0329581907182225,0.0030856487486237
0.032581594831338,0.0023142737566056
0.0332682830939053,0.0043726162980882
0.0335977219999904,0.0056571357902691
0.0339679748694693,0.0064212247837081
0.0342700797420894,0.0081558420684028
0.0346321550553861,0.0088973830515131
0.0349772570597142,0.0091320008353167
0.0352570373295809,0.0094186628040452
0.0355993462998018,0.0097295480219477
0.0359193254101201,0.0154591550095288
0.0359530247427117,0.0149712623793678
0.0359713270404599,0.014483137933777
0.0360001974600947,0.0139966992030384
0.0360535532962817,0.0135125826134394
0.036049876325141,0.0130220216919305
0.0360220609007748,0.0126148212188228
0.0364714767869378,0.0191670132544092
0.0362605785562669,0.0167112369516216
0.0362930135890514,0.016221473881453
0.0362181410454393,0.0122525488463592
0.0359999999999999,0.01
0.0364581758948984,0.0118588926834332
0.0365945242945395,0.0184400972474475
0.0367450064283529,0.0195749272302507
0.0326169661447057,0.0018203392124835
0.0319999999999182,0.0
0.0322506198244755,0.0004328712702966
0.0326805179530585,0.0013027554102369
0.0325011069045373,0.0008653857058778
0.032992805384159,0.0025918723488495
0.0336384471044426,0.0051512011871231
0.0333092607573774,0.0038789613813388
0.0333684584646754,0.0033629799381589
0.0336765560386139,0.0046499237691864
0.034002574189752,0.0059332712331379
0.0343053209024234,0.0076682121429702
0.0343388248336662,0.0071815238672335
0.0343729192932165,0.0066946167145357
0.034673649745106,0.0084284056423592
0.0363263209921521,0.0157325725663809
0.0366108264304464,0.0179704019822015
0.0366394227452568,0.0174763606757774
0.0366697032583772,0.0169850564265129
0.0366430374717936,0.0188116347016209
0.037000000000097,0.02
0.0334028811789187,0.0028679584780645
0.0330278260725283,0.0020971486457044
0.0337108255270294,0.0041573108792427
0.0340411144712987,0.0054347812669077
0.0344073278379064,0.0062074557534824
0.0347010958236088,0.0079296217180265
0.035065934051579,0.0086358786215103
0.0353824223925476,0.0089115269265124
0.0356971100227471,0.0092119491159791
0.0360291645037605,0.0095178532777206
0.036359252276844,0.0152438581780814
0.0363918881615915,0.014756394532125
0.0364121566580297,0.014268804505768
0.0364195526495003,0.0137897848947717
0.0364445163131849,0.0132977606101075
0.0364799523059277,0.0127664943539746
0.0369431453869826,0.0191587748917777
0.0367002394505143,0.0164952723543506
0.0367335139810664,0.0160060329472863
0.0367080645338079,0.0122722589831325
0.037025312855449,0.0182419394730583
0.0370144403495994,0.0187034418937343
0.0372315463448597,0.0195565946872748
0.0330689207060662,0.0016279437145282
0.0324999999999158,0.0
0.032750326140729,0.000432846180575
0.0329675570636574,0.000857960512582
0.033438496353578,0.002375006880722
0.0340805534691664,0.0049338358340034
0.0337550630587406,0.003659028759415
0.0338021525528081,0.0031606936696106
0.0341192243892494,0.0044334965321227
0.0344421392249307,0.0057192878824479
0.0347417809846865,0.0074505362451683
0.0347774807907273,0.0069675601410145
0.0348116650815437,0.0064809620020083
0.035099329306464,0.008181765843296
0.0367702460806653,0.0155177187723714
0.0370518993674255,0.0177498133121919
0.0370786388426345,0.0172584932198033
0.0371083036990346,0.0167687149526978
0.037500000000098,0.02
0.0331512935041838,0.0012232963047598
0.0338436035395729,0.0026626435512172
0.0334670953613739,0.0018964818362058
0.0341534192193865,0.0039421152711189
0.0344852508395099,0.0052139556744651
0.0348468128526245,0.0059928159311219
0.0351164142608838,0.0076929683659626
0.0354607839208118,0.0084198181000296
0.0358177228258914,0.0086951648995026
0.0361162327309082,0.0090427373403648
0.0368003897462722,0.0150355447761351
0.0368157280188995,0.0145539191264688
0.0368091227289157,0.014065574384177
0.0368416816307505,0.0136058077978285
0.0368753894151258,0.0131300795165096
0.0370059570044778,0.01265249062976
0.0374460218919882,0.0190689220016411
0.0371410992517533,0.0162796034308095
0.0371738176887661,0.0157901514294146
0.0374662073486358,0.0180246908532997
0.0374390122150665,0.0185149929628751
0.0377104238585914,0.0195472131232303
0.0334994613608929,0.0014233923435457
0.0329999999999135,0.0
0.0332491975561941,0.0004304463302898
0.0334990279859192,0.0009046846186137
0.0338776578019306,0.0021710141389007
0.0345264844348408,0.0047068114355459
0.0341969807734545,0.0034462175589964
0.034239290019513,0.0029565507480811
0.0345610701975379,0.0042165647589467
0.0348840252230073,0.0054995739843206
0.0351733413160891,0.0072164833976181
0.0352138535987716,0.0067495136977447
0.0352561971743202,0.0062590802381988
0.0354263472876454,0.0079648036170132
0.0372299606594267,0.0153046370374113
0.0374903710040767,0.0175325943956604
0.0375160043292939,0.0170428821857797
0.0375495125251401,0.0165532871783468
0.0380000000001001,0.02
0.034275734951266,0.0024648275908562
0.0338974566867112,0.0016892377567127
0.0345952563947122,0.0037253768009749
0.0349294762281097,0.0049916585292876
0.0352881842212026,0.0057763076888418
0.035493322687924,0.0074821848546996
0.0359194183681988,0.0081662324973574
0.0362599350305261,0.0085815804484867
0.037235263280206,0.0148367410103526
0.0372406246260213,0.0143636942878415
0.0372278014131494,0.0139003351043784
0.0372737072646268,0.013451312277027
0.0373475093627018,0.0129940429888439
0.0379047196013336,0.019194100676363
0.0375835856839259,0.0160640190840782
0.037634543380843,0.0155763970439934
0.0378584335052139,0.01877945034336
0.0378798469571891,0.0183012836719635
0.0379019758748936,0.0178055908401706
0.0382491650814044,0.0195167898314632
0.0339129739211033,0.0011987098304539
0.0334999999999112,0.0
0.0337459814660889,0.0004196481231402
0.0343097093782708,0.0019733121949742
0.0349704181807345,0.0044903545210994
0.034634890118989,0.0032348164011792
0.0346623221100535,0.002744008825891
0.0350037397476243,0.0040002440139048
0.0353337806245603,0.0052718465257125
0.0355959467917827,0.0069988886798077
0.0356516776045976,0.0065173622556802
0.0357076080005767,0.0060363207411717
0.035759643785489,0.0077372322104376
0.0376683448595633,0.0150930553771363
0.0379275002615767,0.0173140959627169
0.0379564102361125,0.016827047645961
0.0379951411269615,0.0163359394515251
0.0382595536694701,0.0190581280821204
0.0385000000001021,0.02
0.0339653795096357,0.0007812617327431
0.034693239140957,0.0022501435249803
0.0343280621508452,0.0014804374294295
0.0350375946950863,0.0035095827572761
0.0353768980660055,0.0047674090345823
0.0357452637436607,0.0055379098023689
0.0358882426856539,0.0072827328573583
0.0362155319623948,0.0076433519653588
0.0364581759003255,0.0081411073062262
0.037673455392365,0.0146400984478956
0.0376823769225925,0.0141854976537765
0.037668703235082,0.0137471698583338
0.0377277410077781,0.0132919354599181
0.0380383365725616,0.0158479682482333
0.0380724480511371,0.0153644764851212
0.0382934072797905,0.0185748136995505
0.0383176212140687,0.0180799780888362
0.0383395089936796,0.0175871057117832
0.0387854906342559,0.0195687255658085
0.0343942465721271,0.0009244100552716
0.0339999999999088,0.0
0.0342191250085674,0.0004300637833634
0.034732566695603,0.0017561304201945
0.0354123947145299,0.0042747918380503
0.0350712584391408,0.0030183787321254
0.035104052253656,0.0025261945953629
0.0354463519504046,0.003784222399138
0.0357870133488535,0.0050393344753776
0.0359747262425139,0.0068050997061541
0.0361311020129977,0.0063476500836452
0.0361600259518237,0.0057946578501597
0.0381098333170212,0.014889828098343
0.0386062828074351,0.0192181356922865
0.0383662876032232,0.017098811934167
0.0384006211164496,0.01660902690651
0.0384390909957344,0.0161203135848853
0.0386909894454142,0.018827649879523
0.0390000000001042,0.02
0.035137999975019,0.0020328034941165
0.0347690116664391,0.0012741682844001
0.0354799730686882,0.0032936586007416
0.035822071687056,0.00454791433838
0.0361949703149471,0.0053089915329501
0.0362170950807959,0.0071268237384051
0.0367080645419753,0.0077277410050348
0.038156382770867,0.0144466183177726
0.0381424388588468,0.0139790885967292
0.0381411073056439,0.0135418240993688
0.0384759709783143,0.0156327795494542
0.038507055190445,0.0151506736146006
0.0387315855144292,0.0183563910543067
0.0387545869967065,0.0178627356751346
0.0387768308266884,0.0173699286876224
0.0392500000001051,0.0195669872981065
0.0390757882921403,0.0191443873995562
0.0346975711299099,0.0004490644030106
0.0344999999999065,0.0
0.0351737204375892,0.0015383574508027
0.034835284791591,0.0008458219778943
0.0358548886553545,0.0040586067211975
0.0355138873586148,0.0028020011605384
0.0355479848554635,0.0023095234682823
0.035888184726059,0.0035687786391446
0.0362288516276125,0.0048214700618991
0.0363906307094097,0.0068023778150947
0.0365474157128511,0.0060661549921231
0.0366009931608729,0.0055809823206905
0.0365733949120419,0.007254838362446
0.0385458782828999,0.0146808316369131
0.0388060083315141,0.0168835099642316
0.0388437693440286,0.0163922566894882
0.0388807068360907,0.0159039106641007
0.0391351087096387,0.0186260065388431
0.039500000000106,0.02
0.0355824005720575,0.001816541598003
0.0352079323319401,0.0010428468613987
0.0359223533907682,0.0030778872017271
0.0362624476458535,0.0043329904212578
0.0366344767620016,0.0050946381590695
0.0364664002719695,0.0064389632633871
0.0370059570157342,0.0073475093575341
0.0386807485564845,0.0142116175976026
0.0385815804467037,0.0137400649687975
0.0389134859375752,0.0154179336203749
0.0389357128363088,0.0149566540453435
0.0391724801433522,0.0181388419004621
0.0391894952880206,0.0176441686077972
0.0392145316862276,0.0171567414579886
0.0397522652417534,0.0196109779370218
0.0395277182195324,0.0192956896340669
0.0352254708094702,0.0005123540431552
0.0349999999999041,0.0
0.0356829580377413,0.0012906239626132
0.0362961173555285,0.0038436158713193
0.0359572702713489,0.0025857412776184
0.0359858074531598,0.0021024275504093
0.036330362772047,0.0033532560319888
0.0366683867326216,0.0046072160193637
0.0368375286114646,0.0064303077086745
0.0369679725263624,0.0058672772030174
0.0370388877158451,0.0053674103224846
0.0368981648302944,0.0068989191848066
0.0389015049076122,0.0145589745883566
0.0395451178625453,0.0188910123684817
0.0392484842794187,0.0166664296271729
0.0392848741326809,0.0161762754594739
0.0393186100362021,0.0156885529815891
0.0395691288298301,0.0184105151368414
0.040000000000107,0.02
0.0359790430069607,0.0016678669273309
0.0355777582501923,0.0008266284982542
0.0363651300383243,0.0028623330407552
0.0367033617598436,0.0041183394647819
0.0370731572379048,0.0048809286930887
0.0373475093772306,0.0070059569982846
0.0390427373369415,0.0138837672682479
0.0392138936496119,0.0142954736040236
0.0393518385955694,0.0152056729847899
0.0393460345675315,0.0147423616456825
0.0395987759519518,0.0179136296710354
0.0396246669237187,0.0174286361286733
0.0396559088992795,0.0169397413188883
0.0402441262005445,0.019617553670982
0.0399917470301252,0.0191856370189753
0.0354999999999018,0.0
0.0362220874448447,0.0013209308872976
0.036009749531619,0.0008617107408152
0.0357626805401911,0.0004256068832886
0.0367375676018039,0.0036283087191781
0.0363988280242021,0.0023723775236963
0.0364219615270002,0.0018088106383315
0.0367725655421684,0.0031380194807967
0.0371080483190768,0.0043927198380534
0.037308238323757,0.0065644026912197
0.0374165141991162,0.0056221189776432
0.0373204718322659,0.0061180332353195
0.037477146099148,0.0051539242630936
0.0399712160940051,0.0186838384826076
0.0396906854179911,0.0164499466556152
0.0397232854003958,0.0159602117995218
0.0397567375500982,0.0154702307054667
0.0400022638514321,0.0181932570398417
0.0405000000001058,0.02
0.0368074324430557,0.0026469782120003
0.037143157626526,0.0039032802819236
0.0375116494938416,0.0046675240314524
0.0377277410247057,0.0067080645283975
0.0395178532704659,0.0139708354953585
0.0397679012506078,0.0144417789257683
0.0397799545498853,0.0149769269049095
0.0400328490691326,0.017703958045296
0.0400643254699298,0.017212590855696
0.0400966958990366,0.0167222967631556
0.04072289416707,0.0196002230207293
0.0404576177328934,0.0193002181069292
0.0404076631937661,0.0189256253682079
0.0359999999998995,0.0
0.0365363719352524,0.0009049688439372
0.0366107211178428,0.0013947483347072
0.0362514235093209,0.0004297888047542
0.0371795454477858,0.0034134719605487
0.0368456133692323,0.0021554319688341
0.0372148231969216,0.002922772542701
0.0375485770637233,0.0041790305377103
0.0377550305884298,0.0062831199626189
0.0378841983542405,0.0053979866086717
0.0378252251904534,0.0058425893971109
0.0379038693927337,0.0049397593176638
0.0404041755602005,0.0184708711202499
0.0401281807607382,0.0162323687011162
0.0401606245046644,0.0157438962938699
0.040202238771333,0.0152418402153295
0.0404397771678164,0.0179778733765071
0.0410000000001038,0.02
0.0368995096092911,0.0016633694095749
0.0372498757970194,0.0024310647004486
0.0375859611002768,0.0036887388407172
0.0379502725963413,0.0044543417624978
0.0381411073257916,0.0064581758900568
0.0399999999862364,0.014
0.0402026874528303,0.0147571999769778
0.0404725066135511,0.0174858077217154
0.040504908885732,0.0169947998751692
0.0405365439178672,0.0165046377490063
0.0412324320444364,0.0195068524960151
0.0408366615272429,0.0191615610359259
0.0408234270417279,0.018734183599792
0.0364999999998971,0.0
0.0367478263990503,0.0004160924889964
0.0369506500854307,0.0011871289813544
0.0376224114522735,0.0031984606222287
0.0372840312044658,0.0019381538469876
0.0376574673038486,0.0027070261193153
0.0379921201386883,0.0039644256216159
0.038222216357223,0.0060219611974477
0.0383369271075103,0.0051289034888202
0.0383196625927487,0.005593154760691
0.0382651672471034,0.0047264731015155
0.0402626346045293,0.0143418678447159
0.0408470387664407,0.018253373308316
0.0405674540449153,0.0160153913232454
0.0406070779026233,0.0155144452965139
0.0406187070630122,0.0150248809258333
0.0408798291461417,0.0177599730236237
0.0415000000001015,0.02
0.0369774090401386,0.0007817387698993
0.0373179180929136,0.0014443987120072
0.0376924748711228,0.0022148232908971
0.0380301713303162,0.0034739175638809
0.0384400500373669,0.0043080733494572
0.0385815804684858,0.0062599350229415
0.0404821467081454,0.0139708354979556
0.0405930370904559,0.0146254899534729
0.0409134813428131,0.0172678154520751
0.0409456630217441,0.0167769113079844
0.0409763598634711,0.0162870880999971
0.0417758776620219,0.0195572897051512
0.0412338823401869,0.0189853320628001
0.041258376062237,0.0185275644668821
0.0369999999998948,0.0
0.037299775121441,0.0004513069087719
0.0373524216595187,0.0009491966264364
0.0380652205876862,0.0029830349089977
0.0377280454496583,0.0017214846766487
0.0380988911246105,0.0024937129312273
0.038437076642314,0.0037490626739034
0.038716008474686,0.0058272923376984
0.0386947171015652,0.0048012875891385
0.0388535827475081,0.0052942075977413
0.040772865192836,0.0142955957720017
0.0412900018712836,0.0180333385720122
0.041005066496513,0.0157977804686467
0.0410358179198479,0.0153105709285856
0.0411082911390718,0.0147079052478359
0.0413235909560459,0.0175408468258892
0.0420000000000998,0.02
0.0415930972769449,0.0191890516749462
0.0377636331006645,0.0012272627198976
0.0381300315264456,0.0020039914972286
0.0384725401959336,0.0032590072216441
0.0388428159046523,0.0040240832579409
0.038869194705608,0.0044333140619677
0.0390427373619264,0.0061162327255938
0.0409572626451535,0.0138837672726611
0.0413552006008257,0.0170494944210543
0.0413862653722299,0.0165585267254883
0.0414171663275572,0.0160692810256112
0.0422500000000998,0.0195669872981085
0.0420609721841097,0.0191111569904451
0.0416623221539696,0.0187846271203196
0.0417019082161911,0.0183076379542487
0.0374999999998924,0.0
0.0377612196940735,0.0007250269724347
0.038507980545538,0.002767882774738
0.0381745425468054,0.0015053044498451
0.0385345305574897,0.0022905454531582
0.038879727454354,0.0035347588219885
0.039204892036358,0.0056612361418965
0.0392203002393163,0.004792833538648
0.0413154970756069,0.0142664713155208
0.0417334596099331,0.017814350765684
0.041447890089609,0.0155814757883048
0.0414785724795412,0.015096705195828
0.0417648860203714,0.017322170241888
0.0392647945817844,0.0042821272641634
0.0425000000000997,0.02
0.0377527435712649,0.0003084055357821
0.0382099864336977,0.0009920105521626
0.0385517046089867,0.0017980781815952
0.038915416676952,0.0030442434903729
0.0392884708176335,0.0038077911786379
0.0393461554095178,0.0052463273701141
0.0395178532992592,0.0060291645011452
0.0414184195381758,0.013740064974532
0.0414835084467604,0.014710803598309
0.0417959257013663,0.0168309178385121
0.0418268622098495,0.0163405318646576
0.0418583679975944,0.0158518851633855
0.0427500000001,0.0195808759815823
0.0425099844393137,0.0192523413348391
0.042112935350295,0.0185767868358301
0.0421447760462425,0.0180877128257732
0.0379999999998901,0.0
0.0382417037031017,0.0004461852961729
0.0389426282196893,0.0025653585620166
0.0386071262781323,0.0012869516740549
0.0389278017391307,0.00206815414504
0.0393215727223142,0.0033223585959612
0.0397521368062113,0.0055323996473869
0.0396986638735812,0.0049864787055202
0.0396725107937073,0.0045544897059986
0.0418103377367674,0.0140224054712065
0.0417159027413421,0.0144548811099809
0.042175344876442,0.0175949785785729
0.0418924514557766,0.0153643188016782
0.0419220534080968,0.0148758055859918
0.0422057952474047,0.0171032574161667
0.0396931459526757,0.0040850744508233
0.0430000000000996,0.02
0.0425268326338317,0.0188367193113346
0.0386343089908221,0.0008024324318785
0.0389227840668085,0.0015700127713092
0.0393500513921067,0.0028422561872878
0.0397287682900206,0.0035983446809503
0.0400000000213897,0.0059999999999999
0.0418588926803689,0.0135418241067098
0.0422364124637719,0.0166123882120691
0.0422674777347491,0.0161223825740747
0.0422983601680253,0.0156333209259863
0.0400769248974691,0.004783705420884
0.0432399703841623,0.0195690092210851
0.0429727746334331,0.0191123942932359
0.0425568019567999,0.0183614069117593
0.0425872085083615,0.0178676088719206
0.0384999999998878,0.0
0.0387499999998867,0.0003624739411262
0.0393156251409865,0.0023482114161758
0.0389539932952534,0.0010852438034105
0.0392995378408235,0.001836718485985
0.0397568868172029,0.0031191021771588
0.0401170353502883,0.0052137047264742
0.0400978630563337,0.0043592648593747
0.0403064333876651,0.0056135396055863
0.0423257446749556,0.0138116349995558
0.0421387548174758,0.0143308867080535
0.0426158363750425,0.0173755474511421
0.0423329354966221,0.0151538335452996
0.0426463076167571,0.0168843100930508
0.0401221817804515,0.0038705698479877
0.0435000000000995,0.02
0.0429597500076062,0.0186158422605777
0.0389962224556314,0.0006922679850142
0.0392640970389283,0.0013405647955692
0.0397292354872832,0.0025981265409085
0.0401725525183317,0.0033819780392789
0.0404821467372706,0.0060291645055808
0.0422722589808826,0.0132919354677451
0.0424066546156084,0.0146769146387813
0.0426766869149999,0.0163936954647801
0.0427066034557764,0.015903998684953
0.0427361837135681,0.015415590830123
0.0404680675679718,0.0045805649648368
0.0404074545271958,0.0049518331799652
0.0437489593697751,0.0195703048754333
0.0435133146942921,0.0191497989012772
0.0433237290877359,0.0187908206687118
0.0429999897866485,0.0181411739500541
0.0430290622376096,0.0176486061176288
0.0389999999998854,0.0
0.0392872954386274,0.000401702733163
0.0397038352378423,0.0021006777269994
0.0393208648427877,0.0008785596054017
0.0396737093064652,0.0015938208166501
0.0401515196531939,0.0028852848933088
0.0405958902575192,0.0052685004983196
0.040493827494478,0.0041296190213744
0.0408023910538331,0.0056676161118801
0.0427146247837508,0.0134536350249753
0.0425399045858634,0.0141821514295034
0.043056991283745,0.0171563091437644
0.0427799226033767,0.0149337100398026
0.0430867064053868,0.0166652140985213
0.0405154784468884,0.0036411656466973
0.0408584753325285,0.0048749896533145
0.0440000000000994,0.02
0.0434018949482409,0.0183915146378689
0.0396957569121687,0.001117556736753
0.0401158897511633,0.0023628931562609
0.0405254559415969,0.0031395690885545
0.0409572626707875,0.006116232733657
0.0426524906275583,0.0129940429974726
0.0428626104992857,0.0138931956750861
0.042844426795985,0.0144344620053728
0.0431163929244785,0.0161750243276388
0.0431469152522164,0.0156849250257285
0.0431728394617698,0.0151971996722639
0.0408800445974885,0.0043703202889375
0.0442499965184585,0.0195790826450662
0.0440090338545467,0.0191755713657478
0.0437944495475839,0.018710096971965
0.043443843510474,0.0179196322834242
0.0434673066475154,0.0174271187713838
0.0394999999998836,0.0
0.0397353362729672,0.0006615768209892
0.0400890139003319,0.0018642959460159
0.0401077052402519,0.0013812306179621
0.0405157936763427,0.0026249586792258
0.0410864896530869,0.0053243616405202
0.0408888764444789,0.0039023128338638
0.0412939154947879,0.0057885186567339
0.0430575386619151,0.0130855919919817
0.0430711902210919,0.0134652317916131
0.0434970027774314,0.016936983129721
0.0432211833135771,0.0147115836344361
0.0435269061426488,0.016445859589173
0.0408933158886308,0.0034012393170837
0.0412795104388763,0.0046219240470026
0.0445000000000993,0.02
0.0438534485844514,0.0181922777451935
0.0397486895374583,0.0002736474737366
0.0401328460102337,0.0008885535918407
0.0405025146877542,0.0021362640626197
0.0409040754661936,0.0029027879557328
0.0414184195608957,0.0062599350340845
0.0429940429878799,0.0126524906383862
0.0433505913792167,0.013719596823566
0.0432652849124412,0.0142054615907131
0.0435574804402587,0.0159554659111824
0.0435919915174472,0.0154622707282098
0.043633942778145,0.014965997085876
0.0412804946464907,0.0041538289658449
0.0413083537792688,0.0049995686544536
0.0447565123130998,0.0195654858081358
0.0444895111512398,0.0191717050573762
0.0442360745264215,0.0188503870991834
0.0442413299708182,0.018453659232726
0.0438804394388966,0.0177001678529516
0.0439037193495831,0.0172054798067219
0.0399999999998835,0.0
0.0402093887435853,0.000433544853857
0.0405222868200143,0.001652177750442
0.0405333942187195,0.0011817599916229
0.0409156270468697,0.0024075550704872
0.0416305208769136,0.0053881023750796
0.0412925330131136,0.0036603010747514
0.0418684091532104,0.0059748640451818
0.0434550470606218,0.0127277424766965
0.0434574974630193,0.0132418837809683
0.0439364890173404,0.0167160125327071
0.0436709006716102,0.0144746095490034
0.0439676688737106,0.0162269688280375
0.0413016309563614,0.0031772181675847
0.0416810273676997,0.0044259575507956
0.0416692654200115,0.0048904623546381
0.0450000000000992,0.02
0.0442679672111795,0.0179720090635546
0.0405280407437757,0.0007890474615095
0.0409362572588394,0.0019227834323035
0.04132292247557,0.0026865773988829
0.0418588927017007,0.0064581759044859
0.0432919354599713,0.0122722589921449
0.0437045119660146,0.0139840365051476
0.0437754953911144,0.0135030970162072
0.0440022555191968,0.015733470128766
0.0440405842349245,0.015235602673833
0.0440789080990265,0.0147404637123541
0.0416985861813613,0.0039373060418501
0.0452633780607207,0.0195545819792519
0.0450257253319303,0.0190653334858341
0.0446231791010014,0.0187412209423039
0.0446614263508126,0.0182561226112565
0.044298840679124,0.0174771181850841
0.0443377751294771,0.0169871344671127
0.0404999999998855,0.0
0.0409561512013753,0.0014454393789805
0.0408337933450038,0.0004670185763118
0.0409307814013363,0.0009743602939153
0.0413486038646782,0.002194626414552
0.0420908402186241,0.0055559018413704
0.0417154768151506,0.0034472386098863
0.0423332130662953,0.0062585287683719
0.0437324285970841,0.0122540600955828
0.0438155451056229,0.0130278932024174
0.044377611223814,0.016498511825513
0.0441086796037327,0.0142538182933722
0.0444085961159722,0.0160076494464705
0.0417364730690634,0.0029549904578176
0.0420697516300792,0.0051647921798647
0.0420881674168703,0.0046932559766586
0.0421100052600225,0.0042045091287676
0.0422722589991859,0.0067080645448887
0.043541824101682,0.0118588926899485
0.0455000000000969,0.02
0.0446975884738859,0.0177597711481182
0.041374995489239,0.001705052367796
0.0417619887406792,0.0024636807439815
0.0424090751021797,0.0058247412822979
0.0438560150346147,0.0126485702105528
0.0441405856692026,0.0137675892229235
0.0441710032651795,0.0132818690308079
0.044442274546306,0.015517513517919
0.0444770504014032,0.0150168217164357
0.044510141415608,0.0145257285175697
0.0421314214508272,0.003713936143285
0.0427450395770069,0.0065588775177008
0.0439918691219423,0.0118061136353375
0.0426524906432884,0.007005957016463
0.0437400649698559,0.0114184195505055
0.0429940430012086,0.0073475093766586
0.0431743402647702,0.0068990815671143
0.0457654170782555,0.0195674845041512
0.0455535510466516,0.0191317761703891
0.0450596802086237,0.0185252158339721
0.0450980693981298,0.0180438907429764
0.0447350773300992,0.0172642677753334
0.0447797380017942,0.0167656518379023
0.0409999999998875,0.0
0.0413869445983265,0.0012281314898482
0.0413606594673524,0.0007650485925016
0.0417860879313607,0.0019737608654482
0.042479479257051,0.0054076879328082
0.0421507081594809,0.003223155085462
0.042787223990595,0.0060576615845928
0.0442367868626095,0.0122514966348447
0.0442178051598484,0.0128029317206967
0.0448169074088151,0.0162777063578062
0.0445450330802773,0.0140379200289217
0.0448486050290217,0.0157887875617144
0.0421751417960307,0.0027319741928391
0.0424969134072318,0.0049589394735616
0.0425202150318353,0.0044730019221617
0.0425406141115413,0.0039835971378546
0.0442701300794129,0.0113171851903169
0.0434714433767408,0.0072901550877297
0.0432919354686449,0.0077277410204209
0.0460000000000946,0.02
0.0454143982970573,0.0187361285732138
0.0451307065658598,0.0175511801494046
0.0412499999998883,0.0003496803156502
0.0418084374410858,0.0014782745771893
0.0421987495727107,0.0022400190894393
0.042902568750454,0.0056474321815749
0.0445766067242625,0.013550503909187
0.0446066178844066,0.0130648391298665
0.044880499173026,0.0152957158464397
0.0449127274322147,0.0148030523006128
0.0449447109975286,0.0143164487004506
0.0425630297112372,0.0034912633045248
0.0432251789523681,0.006420738545497
0.044401522480355,0.0117530125962566
0.0438837672693097,0.0109572626587506
0.0436661841556336,0.0068124921046056
0.0438177011816866,0.0076914091153149
0.0462535997104797,0.0195718553698198
0.0460428760551156,0.0191413464376388
0.0458757510826304,0.0186548306081155
0.045505275125631,0.0183072647039407
0.0455431412822243,0.0178259571196579
0.0451740025506696,0.0170520547119072
0.0452167690944645,0.016553103069196
0.0414999999998895,0.0
0.0418091625346771,0.0009867486379264
0.0417794052860397,0.0004544227475858
0.0422214073775378,0.0017449227440778
0.0429127618898907,0.0052134007375229
0.042587651629548,0.0030003330198702
0.043281016567707,0.0059402538657055
0.0446443904314727,0.0125525132342842
0.0452570894032382,0.0160592346476823
0.0449814008200406,0.0138210345355511
0.0452879420425911,0.0155699786692769
0.0426128146475405,0.0025082307502828
0.0429313585417262,0.0047381709129228
0.0429537589784916,0.0042509051464407
0.0429755666833645,0.0037601559190655
0.0447046569743242,0.0120268312178093
0.0443387638534592,0.0107951079869164
0.0447465064279765,0.011501661767392
0.0438435050102631,0.0072388521278713
0.043541824106372,0.0081411073189874
0.0439708354962339,0.010482146722325
0.044,0.01
0.0443973309233756,0.0102742237563423
0.0439708354965397,0.0095178532801936
0.0444016326767405,0.0098006996938227
0.0465000000000924,0.02
0.0455768349126507,0.0173317563977372
0.0422450852031703,0.0012463947418079
0.04263667921521,0.002014600042887
0.0433193475112927,0.0054824301318493
0.0450121799888075,0.0133324375582555
0.0450403478736245,0.0128396131329508
0.0453189951500059,0.01507944636202
0.0453496323337879,0.01459046452606
0.04537932546991,0.014101795677601
0.0429996316958706,0.0032685224679966
0.043697269158496,0.0062560646332634
0.044776403321427,0.0110175151088131
0.0441241434937012,0.0070026015706581
0.0440676554782479,0.0082262499163079
0.0441380528435536,0.0073976027610484
0.0444107054277782,0.0092882676463557
0.0437400649724217,0.00858158045626
0.0438837672704308,0.0090427373457977
0.0442287344071708,0.0087085198394369
0.0467502067494522,0.0195678840409963
0.0465156247254985,0.019142773278563
0.0462933126871777,0.0187793586947944
0.0459561417472814,0.0181003076515649
0.0459867396590805,0.0176052888823892
0.0456166913580506,0.0168330096604498
0.0456589436689539,0.0163334581592275
0.0419999999998915,0.0
0.0422525104925052,0.000747643862335
0.042660324388991,0.0015195565761819
0.0433394026949538,0.0050052805730666
0.0430257242343922,0.0027771564094314
0.0437186589958806,0.0057643189628844
0.0450858761027085,0.0123220074922343
0.0456973727217688,0.0158408066733196
0.0454170942477856,0.0136053242104712
0.0457278749190789,0.0153509926997305
0.0430508722718818,0.0022844227426147
0.0433646341300223,0.0045191002807332
0.0433882993697624,0.0040281649742306
0.0434123456636478,0.0035371800995774
0.0451337098297257,0.011785960240383
0.0441144880278987,0.0065278501839917
0.0447968466483529,0.0105463073484998
0.0451806760933064,0.0112853552419279
0.0444206979156257,0.007784355453808
0.0448182664336141,0.0100721735189129
0.0447580014691138,0.0096480602236565
0.044508159534272,0.0072713455898063
0.0470000000000901,0.02
0.0463490523632559,0.0183680336406286
0.0460201963413767,0.0171117251496484
0.0422516551185334,0.000333028296659
0.0426883275203531,0.0010086536103463
0.0430759070325987,0.0017904483547256
0.0437465468767253,0.0052734713336452
0.0454485449402481,0.0131160942959841
0.0454769580250025,0.012625111128308
0.0457580862991792,0.0148613059083371
0.0457887957753242,0.0143714323671556
0.045821536338829,0.0138799150361191
0.0434380628585802,0.0030458899980197
0.0441296085708076,0.006033547464669
0.045200923104294,0.0108039718502843
0.0445250962866382,0.0067964439458472
0.0445570465152239,0.0083329456862331
0.0449482225849082,0.0093008959634546
0.0447294843437289,0.0088242759871378
0.047249412072564,0.0195670597858335
0.0469995495848122,0.019135194665784
0.0467751059695801,0.018655653394537
0.046397191421637,0.0178771826795
0.0464309236779161,0.0173850800879937
0.0460534015801881,0.0166159604749823
0.0460992673421562,0.0161135870666725
0.0424999999998935,0.0
0.0427263598143374,0.0004630748733746
0.0431016046930792,0.0012937296624803
0.0437732728149475,0.0047849740920964
0.0434642255747505,0.0025535416324099
0.0441554643525526,0.0055402851771768
0.0455151934821011,0.0121020159996704
0.0461370480667747,0.0156214565137376
0.045854438051789,0.0133881070394796
0.0461678250945244,0.0151321846960753
0.0434904104831996,0.0020602740530566
0.0437990883537958,0.0042962099213463
0.0438244024092527,0.0038054384782204
0.0438498912468795,0.00331462827949
0.0455471941370274,0.0115689134096268
0.0445453136673703,0.0063050292864021
0.0452354903319164,0.0103232520043219
0.0455884074992034,0.0110936031558548
0.0449264101480886,0.0080237776577348
0.0449160367235759,0.0075449385556434
0.0452111802225281,0.0097782642957368
0.0449346892187956,0.007064434403799
0.0475000000000878,0.02
0.0467968112712289,0.0181408688152598
0.0464618142609672,0.0168916958104955
0.0431321589655307,0.0008192368527934
0.0435159095252263,0.001567343671031
0.0441818926104511,0.0050523905484635
0.0458854907484356,0.0128998713675641
0.0459157032241477,0.012412751676394
0.046197612297586,0.0146424008843262
0.046228910888739,0.0141520854480435
0.0462606535994264,0.0136607454739635
0.0438770535891541,0.0028229761884716
0.0445688398836979,0.0058135441693228
0.0456237010285468,0.0105859600177864
0.0449596645409221,0.0065788400849795
0.0449866809621909,0.0084649583522192
0.0452993724227586,0.0088675420144543
0.0453801034542307,0.0093374508777756
0.0477267934866536,0.0195797453858688
0.0474848439376876,0.0191423840924668
0.0472954120306648,0.0187066241121737
0.0471713467300779,0.0183174127961453
0.0468423126177769,0.017655883410621
0.0468750656544752,0.0171640712691562
0.0464919791617238,0.0163984665696562
0.0465402539458568,0.0158965398847659
0.0429999999998955,0.0
0.0432586566693795,0.0003763652110701
0.0435325218295451,0.0010919666084174
0.0442080722237365,0.0045633918953239
0.0439044817986288,0.0023302666874577
0.0445909812105776,0.0053197614371692
0.0459471723314781,0.0119008772795787
0.0465772115822085,0.0154031102923372
0.0462920820970688,0.0131709746748846
0.0466075509492146,0.0149133134023469
0.0439308074948726,0.0018377232657519
0.0442351208083634,0.0040733617072291
0.0442614676226242,0.0035830120358194
0.0442879586054753,0.003092359894795
0.0459752927920487,0.0114378875093894
0.0449838653867786,0.0060882868511551
0.0456645118575553,0.0100908125770041
0.0460081325347311,0.0108979004559079
0.0453441608647485,0.0078266560341388
0.0453860881259187,0.0083514763564193
0.04534169355065,0.0073342792860564
0.0457017705681704,0.009610920078783
0.0453682502767183,0.0068456646083004
0.0480000000000856,0.02
0.0472472831082467,0.0179132382359064
0.0469076169775917,0.016671207006503
0.043494139935973,0.000702301633051
0.0439407711340402,0.001368853880023
0.0446184640344911,0.0048310541847358
0.0463225825470197,0.0126826606601627
0.0463526750004743,0.0121948515641175
0.0466381947668155,0.0144231095624983
0.0466694531953781,0.0139326537431741
0.0466989752590605,0.0134428204744204
0.0443157428693676,0.0026004729796399
0.045004909815865,0.0055900731234303
0.0460540428115063,0.0103784918761079
0.0453923228624482,0.0063536320978593
0.0457399714727884,0.0091296320364495
0.0482105082805521,0.0195885174779664
0.0479646467595329,0.0191922401581193
0.0477768527163444,0.0187565869948423
0.0476194397990276,0.0182385766785697
0.0472874332067608,0.0174369300751562
0.0473202931858387,0.0169436312241675
0.0469456623568991,0.0161775383866957
0.0469824169510604,0.0156771425241285
0.0434999999998974,0.0
0.0437491437168664,0.0003926398834033
0.0439822220164585,0.000865801327027
0.0446459418813114,0.0043416992526172
0.0443460477016795,0.002107202988764
0.0450300577439034,0.0050997116239354
0.0463824500478039,0.011707213068068
0.0470172850267809,0.0151844404469308
0.0467298092601042,0.0129533778107359
0.0470475887855159,0.0146942335767941
0.044356348941006,0.0016300403302203
0.0446729872672668,0.0038513752350275
0.0446991987383045,0.0033609936921176
0.0447252989136046,0.0028690168218997
0.0464049602419974,0.0112034686485521
0.0454143848037158,0.0058582070941185
0.0461042754094392,0.0098756375431855
0.0464339440906708,0.0106611435944461
0.0457551677898761,0.0076122688051367
0.0457199878043869,0.0080856473072887
0.0457641129834623,0.0086338216571344
0.0457773734134022,0.0071139736571582
0.0461373267946058,0.0093962016609901
0.0458026840052762,0.006623095322512
0.0485000000000833,0.02
0.047696582644333,0.0177032833978972
0.0473513653755692,0.0164505187057676
0.0443127939178683,0.0012135224245596
0.0450569465039678,0.0046098926947546
0.0467602668996758,0.0124647676803821
0.0467897740045145,0.0119767805452284
0.0470780524844594,0.014203970320305
0.0471081388112101,0.0137140484020797
0.0471382631256507,0.0132243393707142
0.0447503252069859,0.0023772203731637
0.0454410232636798,0.0053686627294772
0.0464896919480947,0.0101594970683171
0.0458250881612781,0.0061276986260902
0.0461687094618703,0.0089118948573082
0.0487271343776145,0.0195154489818029
0.0483480074246545,0.0192176014156766
0.048240874711305,0.0188686055818952
0.0481303703679918,0.0184265050623732
0.0480977749389958,0.0179519803044533
0.0477314277051418,0.0172162772466327
0.047763001914306,0.0167234138859376
0.0473834071108707,0.0159562383729436
0.0474233308487226,0.0154573522582572
0.0439999999998994,0.0
0.0442503614319855,0.0004328040289823
0.0445182233246785,0.0008728396664973
0.0450844252622093,0.0041198926695549
0.0447705046507971,0.0018747395975636
0.0454681501673937,0.0048788946044844
0.0468194037332297,0.0114892167052774
0.047456996895113,0.0149654911711116
0.047168715039139,0.0127349720783841
0.0474879364944084,0.0144750102382637
0.0447664041731581,0.0013300769190305
0.0451116349422407,0.0036292592304625
0.0451367284748912,0.0031374908186643
0.045162520728818,0.0026450297918865
0.0468407031160179,0.0109823538861332
0.0458524371912612,0.005637989661751
0.046543906930928,0.0096650287608952
0.046883420858588,0.010456169583628
0.0461916156901794,0.0073924304972946
0.0461849520138226,0.0079140460080238
0.0461798579039638,0.0084108407682357
0.0462137841860842,0.0068929127382111
0.0465738176370219,0.0091807851597924
0.0462399239931756,0.0064009602572393
0.0490000000000821,0.02
0.0481404708911251,0.0174825015449334
0.0477937729707852,0.0162300343268067
0.0454959848991457,0.0043888261677117
0.0471988249793998,0.0122443844712291
0.0472266800972026,0.0117585887003214
0.0475178503635715,0.0139849705676493
0.0475476934826434,0.0134950685521228
0.0475776525760677,0.0130054565667395
0.0451870026502012,0.0021494990670133
0.0458794746049472,0.0051478959235919
0.0469401723020881,0.009951626202846
0.0462658439434505,0.0059094335741134
0.0466011382349481,0.0086915496005755
0.0492644039739462,0.0196006363962881
0.0486809001102394,0.019027486849267
0.0485968726080586,0.0185890139295054
0.0485142565881543,0.018161573879193
0.048552807166413,0.0177544704198973
0.0481751156751984,0.0169960555871624
0.0482060638031458,0.0165031584994283
0.0478260747915118,0.0157357477370528
0.0478652020426789,0.0152383309403898
0.0444999999999014,0.0
0.0448115424675212,0.0004470840828741
0.0449201484386012,0.000895572175151
0.045523341295168,0.0038981151705136
0.0452168992317521,0.0016543979071898
0.0459074287171969,0.0046579876831394
0.0472543775905508,0.0112677546030625
0.0478979641837832,0.014746762002352
0.0476076381079452,0.01251601118286
0.047927292190844,0.0142561736596721
0.0455503616257228,0.0034063702209379
0.0455757755547375,0.0029132788810445
0.0456003931921979,0.0024186315618472
0.0472890576814004,0.0107700603988346
0.0462916321138617,0.0054179900858241
0.0469778222935595,0.0094533769104096
0.0473421885559983,0.0102397890891378
0.046628605698402,0.0071717590218221
0.046619383479596,0.0076831475940048
0.0466168282770092,0.008196952624716
0.0466506854535794,0.0066712141941998
0.0470025346398636,0.0089630851913744
0.0466772419919654,0.0061793926534763
0.049500000000082,0.02
0.0490989020815195,0.0191754187967425
0.0485892920450178,0.0172715468971091
0.04823815774128,0.0160083262453081
0.0452532429797236,0.0011602597301051
0.0459350022693754,0.004167175976565
0.0476398757279219,0.0120151866401986
0.0476730559183248,0.0115280637135245
0.0479569617467194,0.0137661002872278
0.0479871373165758,0.0132763934177784
0.0480168914427512,0.0127867154128861
0.0456267004578253,0.0019236553543896
0.0463186359382538,0.0049269332927027
0.0473861308859474,0.0097216070223205
0.0467033964325182,0.0056880188144465
0.0470312904032454,0.008466077442535
0.0497454063004368,0.0195920268210585
0.0495095281446615,0.0192817307591711
0.0490547659664653,0.0187351612297708
0.0489739336816386,0.0182854636720944
0.0489016707154861,0.0178989066648356
0.049002996589855,0.0175455640123523
0.0486190909061808,0.0167766528065202
0.0486486111611701,0.0162826606355699
0.0482732708836391,0.0155130752404279
0.0483084069110377,0.0150184021053088
0.0449999999999034,0.0
0.0452695801983393,0.0006955657979816
0.0459624593833251,0.0036757874946201
0.0456535857615926,0.0014278498033091
0.0463464996623926,0.0044363689858359
0.0477020916797913,0.0110444718247425
0.0483378144410795,0.0145277827862593
0.0480504063829235,0.0122862555900835
0.0483671051580067,0.0140377681543945
0.0459893690228128,0.0031828121825673
0.0460152802839823,0.0026893387103639
0.0460415800993363,0.0021946899603131
0.0477401745307554,0.0105313099461933
0.0467308066891901,0.0051969822326308
0.0474079319532544,0.0092395171058301
0.0477866688827709,0.0100083483736338
0.0470654514141102,0.0069492055800685
0.0470542736233801,0.0074486756270281
0.047052935163924,0.0079671160261169
0.0470877166210112,0.0064483993017273
0.0474285500999552,0.0087283452805763
0.0471153748260387,0.005957894826355
0.0500000000000819,0.02
0.049499950828217,0.0188938962209029
0.0490333179638922,0.0170504614963126
0.0486839778101081,0.0157860388561528
0.0452547850484616,0.000300203725542
0.0456705787759108,0.0009504527681763
0.0463742238437889,0.0039451286136211
0.048095718728836,0.0117622507330423
0.0481285862163332,0.0112756549132123
0.0483965742512272,0.0135473873742329
0.0484269174660788,0.013057190079887
0.0484587300358407,0.012563565239486
0.0460691695477714,0.001699581801549
0.0467581421003214,0.0047060368185198
0.047815469298014,0.0095037727615606
0.0471429190247153,0.0054671567577644
0.0474534317744988,0.0082219979328504
0.0502471963162573,0.0195701270262817
0.0499580338283475,0.0191186008451914
0.04945067176947,0.0184359786201867
0.049354512002902,0.0178811922885891
0.049447654793928,0.0173244724976954
0.049063568582844,0.0165554542028504
0.0490963904238891,0.0160595377755284
0.0487178060052184,0.0152916055583549
0.0487496769617807,0.014799152465579
0.0454999999999054,0.0
0.0457157708097105,0.0004433535902304
0.0464015355469048,0.0034528402844156
0.0460871639318905,0.0012185558857018
0.0467859264659463,0.0042148638602955
0.0481623041333904,0.0107879597791799
0.048777706063157,0.0143100691143363
0.0485052108270585,0.0120379427670449
0.0488062822550128,0.0138190957046384
0.046428810719663,0.0029596383372749
0.0464557701018367,0.0024657343259056
0.0464832261656962,0.0019713492070122
0.0481891305204137,0.0102910626958213
0.0471702416990339,0.0049758551052554
0.0478152236341384,0.0089950477731674
0.0482330980752021,0.0097712186160291
0.0474983358050663,0.006717677297519
0.0474824998100777,0.0072206233292603
0.047466482519145,0.0077178755727128
0.0475263030666312,0.006227345507021
0.0478467739905151,0.0084926905696791
0.0475543834158662,0.0057366485434273
0.0505000000000818,0.02
0.0499011734314106,0.0186135102611992
0.0494780069556434,0.0168286741930677
0.0491292420450954,0.0155648405605616
0.0460576527018254,0.0007945329361096
0.0468141942888855,0.0037233560757799
0.0485542670932153,0.0115109741689229
0.0485840797444417,0.0110202092598616
0.0488369208074745,0.0133291286795852
0.048868611908989,0.0128356829578925
0.0489063889416654,0.0123317961474051
0.0465103180106397,0.0014783495455103
0.0471976750644274,0.0044847913997871
0.0482464190994856,0.0092732079059534
0.0475823836534932,0.0052457027893724
0.0478606843800902,0.0079799091022314
0.0507542022512999,0.0195860556188217
0.0505523194424824,0.0191243104969279
0.0502715141145137,0.0187769906241592
0.0498467640170418,0.0181171648455284
0.0498617316927647,0.0176004295387571
0.0498922354265418,0.0171026290433615
0.0495094111923292,0.0163333474604519
0.0495412820486467,0.0158384500977019
0.0491613842218848,0.015071092685169
0.0491893974666961,0.0145806451730962
0.0459999999999074,0.0
0.0462581331767349,0.0004316793050019
0.046842404881879,0.0032306063385839
0.0465171541634267,0.0009166906729201
0.047226049910893,0.003993644672961
0.0486040035924311,0.0105503767860289
0.0492179575257894,0.0140908462180332
0.0489504881192229,0.0118083756206804
0.0492466368232105,0.0136012019283182
0.0468698926564234,0.0027366301237812
0.0468974003098184,0.0022426981697274
0.0469247509175131,0.0017494541464701
0.0486414069019908,0.0100449699036257
0.0476099839369374,0.0047544343759207
0.0482488716609923,0.0087660572630898
0.0486656281964196,0.0095449474927249
0.0479374456041088,0.0064972089687983
0.0479109296210429,0.0069891744594746
0.0478809561586833,0.0074772757507684
0.0479654254267224,0.0060063296189775
0.0482668059457625,0.0082575735139817
0.0479940626295394,0.0055151751354177
0.0510000000000817,0.02
0.0502759028979718,0.0183598475164704
0.0499230537459633,0.0166070326412543
0.0495731582495584,0.0153438718780832
0.0472555476548228,0.0035015029205465
0.0489943128853968,0.0112916600313872
0.0490241376940741,0.0108009757523228
0.0492772579744304,0.0131098221781807
0.0493110285473798,0.0126098316950689
0.0493496432294838,0.0120993406474424
0.0469501453290175,0.0012599497845437
0.047637735864262,0.0042636883644355
0.0486677890720733,0.0090265517034119
0.0480224205442335,0.0050238600979146
0.0482892950782437,0.00775110810252
0.0512506336378258,0.0196025447546812
0.0509999514517186,0.0192879540912446
0.0506540151588548,0.0186250460920461
0.0502801126258349,0.0178686079738163
0.0503065230691021,0.0173768021425852
0.0503368012539664,0.016881139849787
0.0499541356799055,0.0161119098192406
0.0499853547011027,0.0156171930923459
0.0496026605317679,0.0148517119356016
0.0496299866379287,0.0143621712413687
0.0464999999999094,0.0
0.0467499999999104,0.0004330127018939
0.0472840376614365,0.0030080562141468
0.0476694735829324,0.0037734249564211
0.0490533568295082,0.0103109158095525
0.0496576083240805,0.0138716007642668
0.0493934212308447,0.0115764262491352
0.0496888974577423,0.0133796911922754
0.0470228279533129,0.0008211182937377
0.047311670128775,0.0025134019517271
0.0473393921807602,0.0020189838548321
0.0473680235091467,0.0015253943171949
0.049081898412529,0.0098192695823878
0.0480504907276351,0.0045331376211732
0.0486818862324732,0.0085222256174491
0.0491030198150406,0.0093201161483549
0.048376200601127,0.0062764405048469
0.0483481265566468,0.0067676551550117
0.0483201301505376,0.0072567356625411
0.0484058398803859,0.0057857550843853
0.0486997483502999,0.0080219978857431
0.0484346718566948,0.0052942014760566
0.0515000000000816,0.02
0.0510482550601563,0.018884228774335
0.0506937751334244,0.0181359463475929
0.0503673357510431,0.0163857989781706
0.0500157675474971,0.0151232510671005
0.0476982723334777,0.0032798714100239
0.0494300061965966,0.0110717820818917
0.0494642046939439,0.010581118148983
0.0497202347957518,0.0128842649135271
0.0497526452847275,0.0123854296698015
0.0497862208633766,0.0118794811180732
0.0473125006510504,0.0011577571792165
0.0480813894654795,0.0040421119003957
0.0491271298847025,0.0088236957839415
0.048463184912073,0.004802794253743
0.0487297118627836,0.0075280203800766
0.0517499106660909,0.0195728433623118
0.0514885676641423,0.0191431511825109
0.0511016066548622,0.0184172331381291
0.0507212555127736,0.0176505081469367
0.0507510403390366,0.0171552031343681
0.050781164855203,0.0166596113147223
0.0503979839974036,0.0158908283838305
0.0504283471723377,0.0153964007957392
0.0500437799354324,0.0146314110561457
0.0500712834890437,0.014140074395996
0.0469999999999114,0.0
0.0472476126259843,0.0004213976890465
0.0477262725598872,0.0027851311252252
0.0481134102793603,0.0035522499370989
0.0494935922868885,0.0100901912637585
0.0501025330004076,0.0136463403132447
0.04982649688891,0.0113685245264022
0.050135257043885,0.0131490931667684
0.0474956884567054,0.000816342238358
0.0477540470234468,0.0022899104742024
0.0477746777691231,0.0017880010641566
0.0477650538032438,0.0012576330457311
0.0495231554692294,0.0095989034741193
0.0484942233261369,0.0043118900923342
0.049137308867437,0.008318289709118
0.0495525178552899,0.0091073288535439
0.0488176068852017,0.0060571361325972
0.0487890920722225,0.0065494508517946
0.0487592446400397,0.0070403153073856
0.04884707188303,0.0055652476384156
0.0491457844411393,0.0078066919789337
0.0488760342992649,0.0050725259844308
0.0520000000000809,0.02
0.0515052974516515,0.0186623224135907
0.0511345569890608,0.0179250852800077
0.0508112548719378,0.0161644317516189
0.050458483047646,0.0149023644814517
0.0481412798163718,0.003057436168299
0.0498645221205885,0.0108604877382785
0.0499028925700375,0.0103627640076939
0.050164874569549,0.0126561990458578
0.0501959493209216,0.012159821269064
0.0502262586601911,0.0116580790289875
0.0485250506712957,0.0038212583613961
0.0495815964877307,0.0086157801092572
0.0489056078471406,0.0045816285479209
0.049174808854764,0.0073158460963438
0.0522353651243888,0.0195765543271375
0.0520116461210646,0.0191802158684269
0.0518542792604887,0.0188119490129863
0.0515495666704016,0.0182009891179723
0.0511654152185123,0.0174293958153225
0.0511955250492439,0.0169334049076955
0.0512254066788212,0.016437827285201
0.0508412986337088,0.015669776605317
0.050871308360514,0.0151754129868914
0.0504867290796024,0.0144097931702361
0.0505189264668084,0.0139149637754878
0.0474999999999134,0.0
0.0477360619002172,0.0004248940498446
0.0481691578850819,0.0025619652944005
0.0485558362098161,0.0033294250470452
0.0499340731223904,0.0098700215707296
0.0505473950917174,0.0134225231528691
0.0502585522618625,0.011164890942047
0.0505779940831851,0.012927041242896
0.0479077229771142,0.0008157973245678
0.0481969827752434,0.0020661926405071
0.0482245673228975,0.0015698920524723
0.0499635305225276,0.0093786065404968
0.0489372794291152,0.0040911357925436
0.0495816470199626,0.0081105596328864
0.0499929472926199,0.008886927842818
0.0492321674310596,0.0063319688459333
0.0492599575758921,0.0058376370836778
0.0492012063192604,0.0068231891649927
0.0492895223674424,0.0053443955782672
0.0495937656842632,0.0075960915807598
0.0493181500882868,0.0048513232541322
0.0525000000000787,0.02
0.0519516100479805,0.0184489838068581
0.0515800664072767,0.0177040368038838
0.0512547526794173,0.0159426317944116
0.0509014083622905,0.0146811558937072
0.0485840013708941,0.0028339926201327
0.0503062563428126,0.0106457507863292
0.0503451084250824,0.0101416932207451
0.0506081152731082,0.0124322799421658
0.0506377359952821,0.0119390027207371
0.050667239882308,0.0114446381331795
0.0482559755910097,0.0010594465685983
0.0489698635363903,0.0036003108438825
0.0500222163158022,0.0083951050952144
0.0493492044985041,0.0043608562283127
0.0496191401810977,0.0071007681659144
0.0527665388236461,0.0195049302294647
0.0524155560710477,0.0191919923158267
0.0523185644082428,0.0187667002560652
0.0519952238479445,0.0179786692308124
0.0516103870638235,0.0172073992701444
0.0516405128894966,0.0167110874225149
0.051669229727629,0.016215796520243
0.0512842552960223,0.0154483964022813
0.0513144908878724,0.0149543110212026
0.0509314358888924,0.014187053562284
0.0509612537824665,0.0136929622222768
0.0479999999999154,0.0
0.0482664281940158,0.000515058922349
0.0486121979717987,0.0023382675015116
0.0489967236863746,0.0031059496903007
0.0503747461982784,0.0096498462280825
0.0509909198561116,0.0131988580238847
0.0507124600923789,0.0109279538802517
0.0510206298230723,0.0127049345503695
0.0486404246033091,0.0018421972662443
0.0486644633740217,0.001351813403524
0.0504031113403036,0.0091596777989451
0.049381718893877,0.0038703801291318
0.0500144547093883,0.0078736746641912
0.050433860579457,0.0086665052591163
0.0496739094873363,0.0061114580732588
0.0496472301175008,0.0066070654902258
0.0497027343838012,0.0056164429297667
0.0497315476197724,0.0051217578201866
0.0500348839059552,0.0073736081265284
0.0497606829901048,0.0046293593516784
0.0530000000000764,0.02
0.0524057177595521,0.0182487278100424
0.0520253363659464,0.0174818190581175
0.0516983928395616,0.0157211706757941
0.0513444603220912,0.0144598719899472
0.0490261824117883,0.0026104695232908
0.0507540025869259,0.0104167149289593
0.0507861705158733,0.0099213921507482
0.0510502648448304,0.0122110389940633
0.051079614733397,0.0117174110074992
0.0511160658749941,0.0112098616796106
0.0486755386137155,0.0008814691866222
0.0494136647665912,0.0033783946180649
0.0504336204931058,0.0081433891931353
0.0497922218199679,0.0041383031781573
0.0500629429294997,0.0068804710587372
0.0532963558155757,0.0195688716488587
0.0527765020786424,0.01899399190786
0.0528078225328956,0.0185264154932811
0.0524385382035313,0.0177554662346197
0.052055426676318,0.0169851350398407
0.0520857278858624,0.0164884771682687
0.0521137058202277,0.0159936998272763
0.0517277430776848,0.0152273311796345
0.0517581577849241,0.0147329419424764
0.0513741926235949,0.0139655867537564
0.0514038530654931,0.0134715047648907
0.0484999999999174,0.0
0.049055708152928,0.0021146693975994
0.0494333912159688,0.0028792648721367
0.0508147067369289,0.0094306411230861
0.0514334675170154,0.0129775047028
0.0511610361592655,0.0106921486083796
0.051463137020022,0.0124834592656111
0.0487834895453719,0.000416439393751
0.0490847149439334,0.0016184261282048
0.0491129290020854,0.0011213608613858
0.0508315723346479,0.008925241597137
0.049824250024047,0.0036459060463499
0.050448933210405,0.0076435561458623
0.0508388679194768,0.0084008178850689
0.0501176311015342,0.0058901400811094
0.0500897755616601,0.0063848811076698
0.0501454372906231,0.0053934435073269
0.050173966441014,0.0048985212966527
0.0504761948938302,0.0071515624776533
0.0502030373978361,0.004405316213203
0.0535000000000742,0.02
0.0531308874567026,0.0191943674463772
0.0528508656899004,0.0180323965892205
0.0524705584024954,0.0172595365160931
0.0521426751640886,0.0155000145819225
0.0517873694005464,0.0142385601735121
0.0494586064365767,0.0023840482473708
0.051196254701793,0.0101899458596804
0.0512274534385628,0.0097009811412984
0.051492636835795,0.0119889749089612
0.051521544193943,0.0114944804471394
0.0515545001886721,0.0109825380012145
0.0490496296299075,0.0007403404275442
0.0498461024866831,0.003142517600506
0.0508616634756314,0.0079160354114849
0.0502344371154381,0.0039180011002678
0.05050436071491,0.0066570180912747
0.0537731654358794,0.0195758345703414
0.0535944107755896,0.0191169887204546
0.0532206297900592,0.0187870547252481
0.0532625636412271,0.0183133786919541
0.0528857583603063,0.0175340510564163
0.0525006484961102,0.0167627881284296
0.0525305863807323,0.0162662801114212
0.0525576349553043,0.0157725869058549
0.0521719795197713,0.0150058531348738
0.0522013116121226,0.014511757990337
0.0518168473272719,0.0137442614100573
0.0518465663210569,0.0132503406175208
0.0489999999999194,0.0
0.0494875931260523,0.0018870434583363
0.0498705671057347,0.0026452436740022
0.0512480637930808,0.0092059880769881
0.0518761552717534,0.0127562721032136
0.0515965586834257,0.010471231338809
0.0519057955193022,0.0122619635390085
0.0492604285038213,0.000402120585674
0.0495112596894919,0.0013792728263156
0.0495122412665815,0.0008485899397588
0.0512508236386402,0.0086878194396176
0.0502588141540715,0.0034092156796132
0.05088971674408,0.0074230758802861
0.0512758562077442,0.0081872484679741
0.0505600004246759,0.0056659968161286
0.0505323555086068,0.0061622641730932
0.0505884914343273,0.0051706334205616
0.0506168788811766,0.0046750922656927
0.0509183481723108,0.0069289168250722
0.0506456446008858,0.0041809401848517
0.0540000000000719,0.02
0.0532948861030742,0.0178150945020789
0.052915773177959,0.0170371771927057
0.0525861873537385,0.0152788142135209
0.0522295765116035,0.0140171486983248
0.0498982129727887,0.0021511065984892
0.0516377121568439,0.0099686800169871
0.0516685593278674,0.0094803284073814
0.0519353554107089,0.0117676907788934
0.0519615633803533,0.0112660098309543
0.0519926348874173,0.0107470921700506
0.0502851143670716,0.0029111167039289
0.0513036306884748,0.0076949135549589
0.050672074806872,0.0036827623523309
0.0509465472235525,0.0064340129054225
0.0542557683439611,0.0195894252174521
0.0540036661949979,0.0192552197118519
0.0536770164963005,0.0185919485024365
0.0537078726300328,0.0180950302351466
0.0533291699905653,0.0173130747070699
0.0529458905893557,0.0165404006153443
0.0529734875058875,0.016045798467014
0.0530019867270271,0.0155519641829216
0.0526162827843047,0.0147850079461191
0.0526448126954836,0.0142915080566698
0.0522597065445033,0.0135233421097354
0.0522894547183499,0.0130291803608879
0.0494999999999214,0.0
0.0499257807969712,0.0016518541202426
0.0503125671152544,0.0024147885076318
0.0516875838814254,0.0089876557711981
0.0523190528183253,0.0125349432309918
0.0520372140065623,0.0102469833765417
0.0523486118647876,0.0120405069649394
0.0497498463740439,0.0004089908666305
0.0499568350478877,0.0011566083491325
0.0516945082752203,0.0084681289388394
0.0507005955436551,0.0031843230813346
0.0513322167990958,0.0072007633035925
0.0517172256145128,0.0079671370405297
0.0510033946854639,0.0054434030878235
0.0509749735524562,0.0059386565661789
0.0510319437946989,0.0049475467531883
0.0510604363085471,0.0044517175633055
0.0513609050779864,0.0067061398439941
0.051088224079184,0.0039549798267175
0.0545000000000696,0.02
0.0540566045887974,0.0188459739376971
0.0537399450317087,0.0175933597904292
0.0533610622520635,0.0168148247480084
0.0530307164851951,0.0150578932664786
0.0526730340783063,0.0137970043987789
0.0503408783524277,0.0019177637014082
0.0520801613177551,0.009752937489909
0.0520990913533364,0.0092593035118993
0.0523781146647656,0.0115461839844822
0.0524037347008425,0.0110430993501234
0.0524429834629534,0.0105305890859799
0.0499861357795457,0.0007469480928639
0.0507285821110294,0.0026878617364037
0.0517462188844405,0.0074729193587547
0.0511164765134285,0.0034580552131548
0.0513895805677064,0.0062111241643663
0.0547511297954719,0.0195676816848424
0.0544626842414528,0.019103620214224
0.0541237029394527,0.0183700553679896
0.0541538870861001,0.0178721799753517
0.0537712042079921,0.0170922381842234
0.053388861282131,0.0163191155350074
0.0534176614063449,0.0158253118569908
0.0534457539251771,0.0153315351445681
0.0530594636799269,0.0145639805600473
0.0530881235504536,0.0140699338315667
0.0527030900887612,0.0133023249166688
0.0527324648872473,0.0128081039693214
0.0499999999999234,0.0
0.0503692282110312,0.0014204254288714
0.0507571018080156,0.0021909726597031
0.0521039814154738,0.0087369039263901
0.0527621135091428,0.0123133527072692
0.052487175192368,0.0100311996726892
0.0527946712672929,0.011814313046918
0.0502497155753003,0.00043284848926
0.0504343896020891,0.0008857682177237
0.0521317637589419,0.008240050115148
0.0511446338817009,0.0029609997382959
0.0517749514090171,0.0069783443077433
0.0521603411368024,0.0077450787313258
0.0514471709157904,0.0052201615791104
0.051418411979605,0.0057158399212521
0.0514757333102703,0.0047240615452953
0.051504193185067,0.0042276848040872
0.0518038852518824,0.0064835702215473
0.0515324718023987,0.0037310405262033
0.0550000000000673,0.02
0.0543885204727953,0.0186384544257761
0.0541842553731704,0.0173727276068726
0.053801381216252,0.0165943139948314
0.0534752586362714,0.0148370052278387
0.0531167459532991,0.0135755058471507
0.0507857116399065,0.0016937969127801
0.0525139982817451,0.009530070114264
0.0525121747581073,0.0090109465207699
0.052824061722359,0.0113190424472133
0.0528587705854479,0.0108166187309188
0.0528965758421236,0.0103115854419856
0.0511732593513084,0.002464118703223
0.0521890758985628,0.0072505248241259
0.0515608589667603,0.0032342257540466
0.0518336912659544,0.0059885933151286
0.055250000000066,0.0195669872981098
0.0550012570754307,0.0191349737764263
0.0547862079419602,0.018696349548052
0.0545754166401773,0.0182151575512615
0.0545999360694785,0.0176493829489787
0.0542146679476629,0.0168731651164786
0.0538317413152732,0.0160992473594626
0.053861004028662,0.0156057405687584
0.0538904789267864,0.0151105855523939
0.053503508580171,0.0143433371316218
0.0535311763155346,0.0138482669951315
0.053148332245451,0.0130781780254322
0.0531809654077857,0.0125787282496426
0.0504999999999254,0.0
0.0508232878707463,0.0012140012617971
0.0512016201983247,0.0019672351521835
0.0525459113558621,0.0085161195698042
0.0532149988691389,0.0120771759402521
0.0529337762600838,0.0098046263241164
0.0532479763785353,0.0115787096116449
0.0507236452970356,0.0004305250249646
0.0525745152846942,0.0080174373678701
0.0515895257844415,0.0027372758106502
0.0522189147656471,0.0067560667393868
0.0526031422911628,0.0075229593969209
0.051891226727216,0.0049968686118156
0.0518624133621735,0.0054927749113612
0.0519198193260417,0.0045005485849074
0.0519484445792342,0.0040041002140728
0.0522487738529142,0.0062614354487723
0.051977042839531,0.0035074231271437
0.0555000000000651,0.02
0.0546299472657988,0.0171517078763215
0.0542453066782875,0.0163760496037373
0.0539189698285188,0.0146154239181638
0.0535619951706562,0.0133521035225281
0.0508964363538986,0.0008049703607606
0.0512322697503628,0.0014727367895445
0.0529491088262336,0.0092990690560409
0.0529690815595583,0.0087965068513622
0.0532907219637759,0.0110652413696217
0.0533186921721974,0.0105730760964268
0.0533481141774622,0.0100782899347589
0.0516180781090539,0.0022402963199179
0.0526328926912861,0.0070289928292015
0.0520056916880844,0.0030104901960343
0.0522781153121472,0.0057659724805357
0.0557493169509353,0.0195672017746023
0.0554998919789274,0.0191343578784387
0.0552497831511039,0.0187015560003787
0.0550197089350057,0.0183559401510253
0.0550159417267271,0.0179242502490832
0.0550460015032553,0.0174265222412131
0.0546600844596109,0.0166536966052123
0.0542753996814963,0.0158808848881727
0.0543054052233547,0.0153849329828304
0.0543354002715977,0.0148884031436022
0.053947847921074,0.0141206526339235
0.0539752840515378,0.0136274105232945
0.0535975835588542,0.0128480265203383
0.0536330438737817,0.012341544613892
0.0509999999999258,0.0
0.051265898243043,0.0009908118178156
0.0516470166421094,0.0017442417723895
0.0529899542159759,0.0082930885242488
0.0536654355271547,0.0118433119895757
0.0533750599402329,0.0095797704049265
0.0537045892619111,0.0113385566216884
0.0512613302510742,0.0004595630820435
0.0530174161768743,0.0077952893087588
0.0520343971511037,0.0025132917428445
0.0526635403314091,0.0065341464773134
0.0530474751150028,0.0073015982651179
0.0523354529696939,0.0047734718539728
0.0523068234335372,0.0052700371019602
0.052364021067343,0.0042771988088488
0.0523929343363692,0.0037807655650861
0.0526936058950987,0.0060391831757941
0.0524219323483301,0.0032838769865226
0.0560000000000628,0.02
0.0550759758655771,0.0169288650407799
0.0546903762082754,0.0161566214306143
0.0543640598516168,0.014392733969827
0.0540100837773083,0.0131248078730833
0.0516776522930933,0.0012491849310542
0.0533905621576742,0.0090724941208066
0.0534125013433086,0.0085729362266895
0.053734240240758,0.0108436473679996
0.0537634848403496,0.0103490664647388
0.0537924719732095,0.0098539295322753
0.052063091778834,0.002016421962593
0.053077841538475,0.0068076677663294
0.0524507539979746,0.0027867420906592
0.0527224872339657,0.0055431350952595
0.0562498345263276,0.0195670171600458
0.0559961752001628,0.0191348483110198
0.0557286356032206,0.0187053356250716
0.0554711952150601,0.018242387406351
0.0554651524360792,0.0176975255318514
0.0554920525044326,0.0172036480938995
0.0551060398104159,0.0164313208586497
0.0547207672724698,0.015659190255718
0.0547507735367828,0.0151623899896822
0.0547807041425113,0.0146657615384699
0.0543940888990648,0.0138967432655026
0.0544269034741711,0.013399047572802
0.0540434182002634,0.0126203242079611
0.0540768192377684,0.0121160567414671
0.0514999999999245,0.0
0.051704788539923,0.000762978499097
0.052090449127303,0.0015215128175473
0.0534317965006939,0.0080685212409924
0.0541131347071872,0.0116152233267262
0.0538231203693188,0.0093589351263569
0.0541482236085409,0.0111167718103962
0.0534620456565903,0.0075751906379196
0.0524793153008929,0.0022895675342344
0.053108327263887,0.0063130057181141
0.0534915123356281,0.0070794896515774
0.0527512264656071,0.0050466481117738
0.0527796544624989,0.0045503321933115
0.0528084686958975,0.0040539916819255
0.0528379162610112,0.0035573777344484
0.0531378446865474,0.0058166200517849
0.0528672549670105,0.0030604632057639
0.0565000000000605,0.02
0.0555219314810436,0.016705994443563
0.0551361553129803,0.0159339406703829
0.0548108801166503,0.0141690642049982
0.0544553182083672,0.0129019348915755
0.0517354292781409,0.0003406435107693
0.0521165966594212,0.001031364326869
0.0538405018015981,0.0088550006078212
0.0538572533238003,0.0083512729634068
0.0541777797861082,0.0106217440809564
0.0542072155372131,0.0101267635191585
0.0542369651452231,0.0096316320095621
0.0525061415176505,0.0017931106375571
0.0535234294839129,0.0065860773272099
0.0528959152607696,0.0025631458964895
0.0531670391388572,0.0053201452901499
0.0567510545352488,0.0195818887052337
0.0565074810318726,0.0191838270435081
0.056279557433722,0.0187120789544484
0.0559420841499593,0.0183618827115507
0.0558967830401078,0.017953284727199
0.0559082119753557,0.0174785510971283
0.0559380906069338,0.0169806683134279
0.0555518044447876,0.0162085328514948
0.0551661584022094,0.0154367982450428
0.0551960309174889,0.0149398648137487
0.0552261803529008,0.0144428961307362
0.0548408355281554,0.0136725946863845
0.0548710852776322,0.0131754785940773
0.0544870526210694,0.0124001915673146
0.0545253017755125,0.0118922527937635
0.0519999999999222,0.0
0.0521818861562952,0.0004951361888276
0.0525298409549742,0.0013085935825412
0.0538801450852288,0.0078516773213377
0.0545611351982186,0.0113912683578127
0.054266233937828,0.0091364540524934
0.0545919762615743,0.0108948230981823
0.0539136176473947,0.0073577591039028
0.0529236269154392,0.0020644383950388
0.0535531952737207,0.0060904735307474
0.0539401979639502,0.0068601570426416
0.053195685070833,0.0048234517470804
0.0532247180517438,0.0043271732548192
0.0532540565335018,0.0038309679968801
0.0532838762032176,0.003334249031114
0.0535827303254589,0.0055936897949123
0.0533124880607302,0.0028368409927438
0.0570000000000583,0.02
0.0559678695780571,0.0164830326765011
0.0555816713769439,0.0157112965489891
0.0552560173051088,0.0139459433440332
0.0549008713318739,0.0126783200317404
0.0525684967818908,0.0008396484681146
0.0542955554747328,0.0086407584002176
0.0543049975267689,0.0081345987592918
0.0546214588898558,0.0103997716758414
0.0546510330035444,0.0099046563655753
0.0546799829856214,0.0094102708896172
0.0529485916975501,0.0015714928474988
0.0539695106289736,0.0063638543833177
0.0533397883382829,0.0023376976612892
0.053611744348208,0.0050967161302409
0.0572564926849282,0.0195723081417961
0.0569947475995148,0.0192011546662855
0.0567268336924251,0.0188716345636017
0.0563197057494409,0.0182150960989769
0.0563270051216774,0.0177498203452244
0.0563544806171286,0.0172554517473071
0.0563843488068667,0.0167574665894968
0.055997425043974,0.0159855657138669
0.0556115170454913,0.0152142001794154
0.0556413858806111,0.0147171635034588
0.0556712493981454,0.0142202140886001
0.0552860380963051,0.0134492911368935
0.0553157266714537,0.0129523554364535
0.0549333437297653,0.012178383663338
0.0549710728979442,0.0116684922605498
0.0524999999999199,0.0
0.0527466684994363,0.0004206666499424
0.0529763865126809,0.001095270953986
0.0543288072064778,0.0076308677635232
0.0550063433281051,0.0111682025596861
0.0547066423398866,0.0089148443822558
0.0550336741734766,0.0106729210366816
0.054357752955848,0.0071345437659011
0.0533658018961869,0.0018358101382147
0.0539988835988025,0.0058675383439348
0.0543858917598859,0.0066375406148767
0.0536404788813562,0.0046000727993328
0.0536698972755753,0.0041040314361752
0.0537001068017824,0.0036078606230489
0.0537291963425385,0.0031103597453626
0.0540276699517532,0.0053701937813746
0.0537565115671794,0.0026115042158019
0.057500000000056,0.02
0.056729730066168,0.0184881369038978
0.0564136170847371,0.0162599681471571
0.056027027377894,0.0154885149002083
0.0557011111263128,0.0137233520189975
0.0553455591501532,0.0124558790248727
0.0530123666730068,0.000698741660412
0.0547263644120319,0.0084112918453083
0.0547496798669989,0.0079085049476281
0.0550653060882911,0.0101780906991024
0.0550942318435119,0.0096836098804553
0.0551183185731922,0.0091866678365485
0.0533869086932851,0.0013454827982547
0.0544148380540792,0.0061409693530094
0.0537822275349963,0.0021092724861258
0.0540564542933005,0.0048730218759984
0.0577564661094826,0.0195876680955505
0.0575322866913467,0.0191096166981073
0.0571226523308481,0.0187729752498688
0.0567430746850109,0.0180253729515411
0.0567709398836401,0.017529776666042
0.0568008104164874,0.0170321497921265
0.0568306858326489,0.0165341725310264
0.0564430181606805,0.0157627504314562
0.0560569385300699,0.0149915679884206
0.05608680531805,0.0144944511157195
0.0561165394139278,0.0139975220214366
0.0557309172373574,0.0132265457886297
0.0557606939953487,0.0127297908750773
0.0553790572389968,0.0119513884447477
0.0554098031909891,0.0114454742836773
0.0529999999999175,0.0
0.0532469089775785,0.0003985490438467
0.0534337675760789,0.0008397746721933
0.0547730801698805,0.0074077524120177
0.0554398442704553,0.0109474394544458
0.0551405275551792,0.0086855774454803
0.0554790513791067,0.010451329758336
0.0548020896490537,0.0069112496968007
0.0538128749555331,0.001598689904764
0.0544438063481372,0.0056438676128506
0.0548309613074107,0.0064144694475895
0.0540854782224347,0.004376677977647
0.0541144535334115,0.0038804864468468
0.0541432159282655,0.0033831877850699
0.0541717144834367,0.0028847421704872
0.054472560424658,0.0051465961269477
0.0541998651362764,0.0023842991169661
0.0580000000000537,0.02
0.057155465494548,0.0183000819779569
0.0568596123182714,0.0160369142051635
0.0564725096691815,0.0152658461201667
0.0561462423693091,0.0135006542019339
0.0557913222430195,0.0122308483205907
0.0551638536165263,0.0081743979741472
0.0551903544328673,0.0076806930570501
0.0555091828959187,0.0099560771138328
0.0555339603690174,0.0094594090124098
0.0555572572615534,0.0089611412365777
0.0537998947201428,0.0011785636018109
0.0548598239015778,0.0059174889668156
0.0542284103442233,0.0018869131544056
0.0545013560879444,0.0046493641546111
0.0582500172804576,0.0195874456375325
0.0580000000000533,0.0192566380958673
0.0575693952161309,0.0185829853717752
0.057186189213743,0.0178051045304722
0.057216420457766,0.0173075377301391
0.0572469429487203,0.0168090966185629
0.0572767154098347,0.0163112518387702
0.0568889173815109,0.0155400669378467
0.0565024958969162,0.0147688252116578
0.0565320262970194,0.0142717715002312
0.0565616377105545,0.0137748367433114
0.0561759604297101,0.0130038745600333
0.0562057075968544,0.0125071721835621
0.05582152676432,0.0117304286520919
0.0558510176514974,0.0112327869395191
0.0534999999999168,0.0
0.0537499999999168,0.0004330127018923
0.0552176355056634,0.0071846688975117
0.0558811691640758,0.0107407164442684
0.0555771873253659,0.0084527513840565
0.0559240377513408,0.0102295679799611
0.0541019959528018,0.0008074728426637
0.0552466704555465,0.0066880044699745
0.0542707021375925,0.0013124392721728
0.0548887156165033,0.0054203056645854
0.0552757158099541,0.0061910949094409
0.0545302319809196,0.0041524099783349
0.0545588462160614,0.0036552296608194
0.0545873009550404,0.0031572405069178
0.0546160195466107,0.0026582052956963
0.0549176250453278,0.0049229273068701
0.0546447474990417,0.0021592631633696
0.0585000000000515,0.02
0.0580094831776803,0.0188416789100722
0.0576001245397774,0.0180836542405112
0.0573052248559877,0.015814231349537
0.0569182625664789,0.0150430675700187
0.0565913182441029,0.0132780262284808
0.0562353887124443,0.0120104307431923
0.0556048420839315,0.0079536897440522
0.0556332197023171,0.0074581517542832
0.0559522152587654,0.0097343633574259
0.0559743738999511,0.009233980092076
0.0559940555730812,0.0087286308807174
0.0553048374499329,0.0056940090041878
0.0546788457454877,0.001672608503307
0.0549465036367164,0.0044255003376274
0.0587500163101497,0.0195704170018508
0.0584729958065673,0.0191222121982495
0.0580158639411136,0.018359668326385
0.0576311102217155,0.0175842036166426
0.0576618793834315,0.0170850866942634
0.0576932877186091,0.0165857901939647
0.0577217030498761,0.0160884906385056
0.0573343464420804,0.015317348951752
0.0569478403366954,0.0145461316072733
0.056977338637627,0.0140492056633362
0.0570067869677142,0.0135522143598401
0.0566210042957688,0.0127812454697056
0.056650693735939,0.0122845056435931
0.0562651319003135,0.011513774285439
0.0562950021822628,0.0110170389429692
0.0539999999999177,0.0
0.0542670628919982,0.0004233611654353
0.0556622901679406,0.0069615140868572
0.0563284178580743,0.0105169493557414
0.0560198542580212,0.0082281110789521
0.0563659481363925,0.0100104352344114
0.0545268195476389,0.0008551039480465
0.0556914441145582,0.0064647446710926
0.0553339105096383,0.0051967276260124
0.0557211281455791,0.0059678670835759
0.0547165317386946,0.001240865108802
0.054975095481627,0.0039276186222503
0.0550038945990247,0.0034299502357659
0.0550325562242566,0.002931519112235
0.0550615156505954,0.0024333627941412
0.0553628851341028,0.0046991922281272
0.0550888030752934,0.0019376435632078
0.0590000000000492,0.02
0.0584326032197927,0.0186348919504733
0.0580462648215619,0.017860956044304
0.0577508646802132,0.0155916218771655
0.0573639823369644,0.014820502668031
0.0570364089007521,0.0130554755741671
0.0566803428436585,0.0117878065217875
0.056048867260399,0.0077316960977215
0.0560779478100543,0.0072350153256092
0.056392709329665,0.0095106862489762
0.056416045607624,0.0090096498163492
0.0564365038124342,0.0085031783347142
0.0557502098505002,0.0054704937308638
0.0550719647800197,0.0014410216081148
0.0553918280903766,0.0042014897355705
0.0592500000000482,0.0195669872981093
0.0590000000005833,0.0191340212807463
0.0587930132924596,0.0187972528410968
0.0584625590555107,0.0181362779468668
0.0580768025620076,0.0173626820842991
0.0581073091305911,0.0168618768062542
0.0581371699831966,0.0163630587590196
0.0581670561111668,0.0158660975416514
0.0577800652671361,0.015094745683179
0.0573932897626426,0.0143237441764829
0.0574224507511357,0.0138265355928783
0.0574520793439945,0.0133296710442481
0.0570661179683085,0.0125586048592533
0.0570982263081115,0.0120588052271596
0.0567125864587135,0.011288003942763
0.0567452994632083,0.0107881585053263
0.0544999999999197,0.0
0.0547500680028783,0.0004333120096502
0.0561075725653762,0.0067383762256419
0.0567783852180043,0.0102872852476892
0.05646482516206,0.0080055083430392
0.0568111977930156,0.0097859704569947
0.0550343264827341,0.0009231522123687
0.0561372789574643,0.0062417634914725
0.0557793426652049,0.0049730940327503
0.0561667428574672,0.0057446044226602
0.0554206967358067,0.0037036799664693
0.0554495387397932,0.003205650026436
0.0554785155201349,0.0027075121679763
0.0555070408531803,0.0022110578519682
0.0558083487604584,0.0044754468385611
0.055543409017421,0.0016669634026973
0.0595000000000469,0.02
0.0588698963949288,0.0183927117943982
0.0584926785031508,0.0176376576098625
0.0581963381136919,0.0153692203472124
0.0578093567365652,0.0145978723768413
0.0574822213456748,0.0128320035344151
0.0571281073176058,0.0115618919670564
0.0564936704997352,0.0075085160413554
0.0565230967247122,0.0070119539640309
0.0568346883060476,0.0092860134736159
0.0568540365893115,0.0087792712525183
0.0568805823494893,0.0082793113485657
0.0561958472057985,0.0052471815404697
0.055400930630293,0.0012120849623125
0.0558373859296082,0.0039776874789447
0.0597426348936341,0.019493920119118
0.0593920915528024,0.0191962822828475
0.0592655544980187,0.0187320027038441
0.0589092368414102,0.0179128717678553
0.0585227546762447,0.0171386838056312
0.0585528498626754,0.016639485379398
0.0585827676407956,0.0161417740868234
0.058612677851627,0.0156440284656424
0.0582258051190563,0.014872215428872
0.0578386193397294,0.014100932647739
0.0578677847106549,0.0136039575242164
0.057898019635316,0.0131061133524161
0.05751605745145,0.0123299727009521
0.0575480385317074,0.0118300496703149
0.0571621833830875,0.0110597825726511
0.0571949689690174,0.0105594686109192
0.0549999999999217,0.0
0.0552500871265746,0.000433105532983
0.0565529980484821,0.0065154150281064
0.0572270417469114,0.0100597209219957
0.0569094727922808,0.0077822371569263
0.0572533163970109,0.0095605763647276
0.0565831398512627,0.006018674394948
0.056224885620952,0.0047494231562297
0.056612402521395,0.0055212576334894
0.0555301596249895,0.0008452857491267
0.0558664234493973,0.0034797820354552
0.0558954636152545,0.0029816917138724
0.0559245210011902,0.0024834742560201
0.0559554180723609,0.0020075851199394
0.0562539390888501,0.0042517306316619
0.0557795924555572,0.001261320928101
0.0600000000000447,0.02
0.0593243829450541,0.0181850117302075
0.0589390702731745,0.0174143638293482
0.0586422237978635,0.0151466238348032
0.0582549910675329,0.0143753612806308
0.0579313849069582,0.012604020808882
0.0575815260593801,0.0113293240222352
0.0569386583091619,0.0072853488295834
0.0569685769878287,0.006789226790591
0.0572698415814948,0.0090524741819664
0.0572961292287171,0.0085529712628263
0.0573271320737344,0.0080574556530797
0.0566415082149794,0.0050234920176978
0.0559921275538895,0.0015946556688543
0.0562831431823414,0.0037539601836103
0.0602732536429982,0.01955066871812
0.0597367863369148,0.0189553440464541
0.0597427109633879,0.0184633949511582
0.059355817793325,0.0176894911944134
0.0589689312960688,0.0169159673943439
0.0589988118651964,0.0164176617511553
0.0590286940786418,0.0159194574994868
0.0590585331262623,0.0154214007327213
0.0586714764402133,0.0146492116413818
0.0582838430098452,0.0138781249353841
0.0583138084671,0.0133805925695557
0.0583453074121773,0.0128805970820719
0.0579648367539212,0.0121011099430649
0.0579973857145184,0.0116010360899766
0.0576137711281039,0.0108292452357665
0.0576431328747892,0.0103326191820867
0.0554999999999237,0.0
0.0557500505248792,0.0004330471688843
0.0569987544435331,0.0062925876181235
0.057672110654783,0.0098356925222109
0.0573542877410123,0.0075593186815731
0.057702500306073,0.0093389372237608
0.0570290240914533,0.0057957444777701
0.0566704728846457,0.00452580834515
0.0570582501963723,0.0052979531796772
0.0560000675699805,0.0008660028766303
0.0563124250543406,0.0032559374872713
0.0563415527079615,0.0027577422697763
0.0563712020424016,0.0022604542008969
0.0564322182289893,0.0017385098176359
0.0566997047248049,0.0040281050644111
0.0562499999951189,0.0012988990758978
0.0605000000000445,0.02
0.0600935807111464,0.0191649449885588
0.0597726043820833,0.0179646486837858
0.0593856391303848,0.0171909849507405
0.0590882852025752,0.0149234837847574
0.0587005422464525,0.0141518656519123
0.0583771714337375,0.0123791596780246
0.0580291000668996,0.011103363997962
0.0573845604551837,0.0070635079809
0.0574155229023143,0.0065671147461596
0.0577236273967577,0.0088357492257772
0.0577498089455179,0.0083376257780237
0.0577755540405258,0.0078382992441498
0.0570872432561608,0.0047999462448186
0.0567293064421865,0.0035302796466683
0.0607500000000444,0.0195669872981078
0.0605533062530753,0.0190781599029355
0.0601536686053285,0.018726569947408
0.0601895156917844,0.018239870852826
0.059802421467687,0.0174660536642878
0.0594154098429319,0.0166926127502962
0.0594451697959431,0.016194353281242
0.059474930864424,0.0156962398915514
0.0595046713819064,0.0151982070769826
0.0591175380897136,0.0144258730294348
0.0587305654743928,0.0136539607994311
0.058760889611872,0.013155790068891
0.0587910752466274,0.0126575413377617
0.0584091583601084,0.011878978280813
0.0584405451564739,0.0113784342417044
0.0580588087133215,0.0106065167043459
0.0580882464282569,0.0101096865238726
0.0559999999999257,0.0
0.0562499907087799,0.0004329966160322
0.0574454454065119,0.0060701592240109
0.0581177808725102,0.0096128100210201
0.0578017670101861,0.0073388542241235
0.0581473340544802,0.0091158401539487
0.0574751690155365,0.0055724836102632
0.0571163923257797,0.0043022699253583
0.0575041585468119,0.0050743173749211
0.0564999353641252,0.000865959326027
0.0567586609289023,0.0030321690742451
0.056787878963995,0.0025339292058974
0.0568268069868025,0.0020561329515618
0.0567184130075702,0.0012923612887593
0.0571461126231021,0.0038047018268465
0.0610000000000444,0.02
0.060219295106492,0.0177411811688425
0.0598321982388377,0.0169675461372919
0.0595344253223402,0.0147002349735414
0.0591474946208761,0.013927749242884
0.0588216759200217,0.0121577419268996
0.0584728356399236,0.0108806140255627
0.0578331095940247,0.0068422898535244
0.0578626905268037,0.0063449170098076
0.0581767110009137,0.0086187703517127
0.0581989530578867,0.0081201705113455
0.0582217928329776,0.0076160478670123
0.0575331032752822,0.004576308152812
0.0569035742434283,0.001656106301159
0.057175796205571,0.0033066246634248
0.0612500000000435,0.0195669872981081
0.0610090692840821,0.0192223982817546
0.0606047882805108,0.0185130020220928
0.060635530262174,0.0180159832956304
0.0602491041045541,0.0172425504012355
0.0598618871548644,0.016469216158875
0.059891476591434,0.0159709636897539
0.0599210788445615,0.0154729425512274
0.0599508546753084,0.0149749742886994
0.0595641110490991,0.0142023124728292
0.0591771889584758,0.0134302004621478
0.0592072397613316,0.0129321557194411
0.0592372626461853,0.0124341407454078
0.0588533351819779,0.0116563878052081
0.0588844233322583,0.0111573545425032
0.058503476465144,0.0103836427365372
0.058533500467911,0.0098868171002154
0.0564999999999277,0.0
0.0567478423048625,0.0004318279216501
0.0578929477034122,0.0058478212508509
0.0585630005255336,0.0093898455548581
0.0582497961468549,0.0071166010600987
0.0585925097736887,0.0088927961881512
0.0579211881486576,0.0053489061543489
0.0575620459893639,0.0040784096450849
0.0579498031581362,0.0048502911297035
0.0569788222590389,0.0008554563032079
0.0572049055474116,0.0028081968723989
0.0572345567753015,0.0023123393178707
0.0572671856405784,0.0018320590989517
0.0572542370663466,0.0012996584213809
0.0575907116587298,0.0035806553191296
0.0615000000000443,0.02
0.0610211061744071,0.018790129775967
0.0606659956691652,0.0175176645817722
0.0602787720631528,0.0167440911515668
0.0599806086614011,0.0144769398867978
0.059593864515727,0.0137044011853023
0.0592669599943101,0.011936534792135
0.058918524284406,0.0106575510774136
0.0582799640218779,0.0066194595794784
0.0583091063724331,0.0061216269721706
0.0586219621541463,0.0083956763050276
0.0586400740777203,0.0078901343031035
0.0586674069357291,0.0073911141660508
0.0579788205042419,0.0043523075805272
0.0576198397439512,0.0030822918218494
0.0617279984667517,0.0195759109692438
0.0614709339928402,0.0191097271336548
0.0610518823432344,0.0182909978333309
0.061082186782226,0.0177929762915943
0.060695757040566,0.01701903744668
0.0603082963968868,0.016245729943099
0.0603376169482283,0.0157476235724095
0.0603672917063421,0.0152497001322614
0.0603971105385539,0.0147517034609834
0.0600102728379915,0.0139790182038037
0.0596236473201407,0.0132065246307299
0.0596533747846885,0.0127087370717083
0.0596830843282649,0.0122110442006377
0.0592970212910232,0.0114374432681544
0.0593279324377227,0.0109388980487958
0.0589489432570451,0.0101606709878132
0.0589787527063544,0.0096638952310431
0.0569999999999297,0.0
0.0572357273762014,0.000424830890051
0.0583381537071442,0.0056233204873415
0.0590078899013711,0.0091673626148045
0.0586965280740025,0.0068935585355784
0.0590378497516105,0.0086697853872065
0.0583667642371668,0.0051246552730664
0.058007400871105,0.0038539801967876
0.0583955409821998,0.0046264104589898
0.0573952298247702,0.0008327257353134
0.0576495327323874,0.0025836285200077
0.057678046360913,0.002084269232322
0.0577058924106783,0.0015838483694158
0.0580360919728122,0.0033552780787565
0.0620000000000442,0.02
0.061469630563607,0.0185649479507603
0.0611126377032005,0.0172940114015109
0.0607255804054028,0.0165204550995119
0.060426896414027,0.0142535161852861
0.0600399261873427,0.0134811574859072
0.059712708380041,0.0117134446879361
0.0593624664328305,0.0104369364133611
0.0587256074743489,0.006395755223429
0.0587546198905953,0.0058975051835887
0.059058201593839,0.0081626127604844
0.0590841017526978,0.0076647820055759
0.0591129499310657,0.0071676394026514
0.0584243917141943,0.0041280895271178
0.0577448670258112,0.0010666759195922
0.0580653827277775,0.0028569792692247
0.0622707281469144,0.0195289278306388
0.0619330780227397,0.0192209986800464
0.0618967920805777,0.018824861747663
0.0614980519964819,0.0180689476639406
0.0615284538786457,0.0175700110922823
0.0611424561352574,0.0167955061022723
0.0607547972783664,0.0160223224384579
0.0607842073862238,0.0155243868487798
0.0608136750743215,0.0150263787946166
0.060843575783483,0.0145280826900575
0.0604562973204535,0.0137557569458723
0.060069605726672,0.0129833438657446
0.0600992973643393,0.0124855728874753
0.0601289534548595,0.0119878639330766
0.0597423696621711,0.0112156638612451
0.0597762082931437,0.0107133730572229
0.0593944334059774,0.0099377927977896
0.0594237306833907,0.0094412904151641
0.0574999999999317,0.0
0.057762495396453,0.0005170071423353
0.0587834171078494,0.005398933583608
0.0594496675510846,0.0089404300816021
0.0591421571364835,0.0066698369125377
0.0594730484775671,0.0084338856632397
0.0588126136928613,0.0049008078355441
0.0584528681317464,0.0036290117569234
0.0588414576322457,0.0044023986715934
0.0580944652389698,0.0023576946063806
0.0581235391391519,0.0018585939096392
0.0581491151339302,0.0013649374629344
0.0584821228636887,0.003130496543807
0.0625000000000441,0.02
0.0619139176024294,0.0183453553766175
0.0615593185521018,0.0170704556170557
0.061172092900996,0.0162970831161926
0.060873893287646,0.0140290774065539
0.0604859111243712,0.0132576267485045
0.0601590283905658,0.0114896320917488
0.059808756918688,0.0102133325111316
0.0591712644073173,0.0061717364240559
0.0592001682147356,0.005673321855442
0.0595002934187913,0.0079392827291096
0.0595293836261821,0.0074418624123886
0.0595586832243352,0.0069439994436528
0.0588700928268676,0.0039037436132617
0.0581656478862597,0.000887744392758
0.0585113442028859,0.0026318771848932
0.0628003449997622,0.0196025692098792
0.0622989374266145,0.0190655657190317
0.0623309321038159,0.0186205644461179
0.0619438382715277,0.0178462582863946
0.0619751546173408,0.0173461955726397
0.0615891442938377,0.0165719796783654
0.0612011659019311,0.0157990403231134
0.0612304346313897,0.0153010944632078
0.0612600941328825,0.0148030704544087
0.0612901035562231,0.014304493787918
0.0609028799776523,0.0135318482662147
0.0605154669734979,0.012759970379805
0.0605452200805194,0.012262325041342
0.060574891277611,0.0117645241708094
0.0601903033844002,0.0109900132854909
0.060223305534586,0.010489111929843
0.0598399463918729,0.0097150108627448
0.0598668102093368,0.0092173145699822
0.0579999999999337,0.0
0.05922949443133,0.0051751829639914
0.0598886762832312,0.0087129418392157
0.0595879076480884,0.0064459958903736
0.0599169675584415,0.0082132835040488
0.0592585541971669,0.0046768982252872
0.0588992211558598,0.0034051315133723
0.0592875523801843,0.0041784423693601
0.0582811117563724,0.0004184136427211
0.0585405918821035,0.0021331895518226
0.0585698756674705,0.0016344433242769
0.0585779296897222,0.0011610252430909
0.0589285316709305,0.0029065478430534
0.063000000000044,0.02
0.0626375774915937,0.0192355993847207
0.0623608223256445,0.0181216738543962
0.0620060680395757,0.0168470544734071
0.0616184311348285,0.0160736693624739
0.0613202050181304,0.0138060025963865
0.0609322831093154,0.0130342414404422
0.060604944184312,0.0112662826119348
0.0602556370066057,0.0099892117310981
0.0596171081255582,0.0059478722352497
0.0596463499660152,0.0054497152101794
0.0599459430520961,0.0077161209253198
0.0599752248865929,0.0072183312645061
0.0600045350256585,0.006720372312016
0.059316379483855,0.0036797749778568
0.0585255296616365,0.0007523064293829
0.0589578307849721,0.0024078660608391
0.0632696192231978,0.0196154412405855
0.0631047870126425,0.0191759574216488
0.0627240587443977,0.0188604543213089
0.0627778581153303,0.0183968605316999
0.062391111581986,0.0176223697669248
0.0624213347521302,0.0171226906084704
0.0620352998661531,0.0163485255902339
0.0616474431960094,0.0155757599429195
0.0616767500332,0.0150778437807614
0.0617067491750514,0.0145793239566325
0.0617367939751331,0.0140807472481415
0.0613497331238723,0.0133086379717843
0.0609614312570431,0.0125367373930936
0.0609911990603174,0.0120390359821448
0.0610211319269658,0.0115409277105005
0.0606385076442073,0.0107641721600129
0.0606704199604714,0.0102645688341014
0.0602853294621117,0.0094920731041449
0.0603116252857871,0.0089950818737647
0.0584999999999357,0.0
0.0596756453038132,0.0049513828780074
0.0603347642522919,0.0084901472084114
0.0600338550000737,0.0062223184958946
0.0603623993242967,0.0079905105823872
0.0597047393709518,0.0044529545087337
0.0593457200573344,0.0031811907211262
0.0597337037146479,0.0039544025079526
0.0587670359408785,0.0004192757452108
0.0589871165667365,0.0019091311706392
0.0590130686547859,0.0014169087611453
0.0590139730013193,0.0008787719966325
0.0593750514390819,0.0026825696306245
0.0635000000000423,0.02
0.0628077449571223,0.0178979582144822
0.062451062903259,0.0166235551383272
0.0620643330527273,0.0158502741140512
0.0617667137470642,0.0135824196516517
0.0613782761994557,0.0128106278832511
0.0610518532462599,0.0110418596149407
0.0607011756895755,0.0097667014989857
0.060063218526665,0.0057241665992224
0.0600925617112009,0.0052259098476525
0.0603917746841384,0.0074926807757286
0.0604211117152786,0.006994761764425
0.0604504600361373,0.0064967672353704
0.0597628871194477,0.0034558646227506
0.0594043897798858,0.0021838517146485
0.0637524579258646,0.0196100185494166
0.0635072115364033,0.0192958022284473
0.0631950323372483,0.0186720830965731
0.0632247535151796,0.0181731689472164
0.0628375992435874,0.0173988605736187
0.0628674070628212,0.0168997228968522
0.0624810290901955,0.0161253431342084
0.0620935444219799,0.015352637613909
0.0621232497549654,0.0148544209943638
0.0621534678824311,0.0143554849725731
0.0621833806992676,0.013857019631717
0.0617956316360757,0.0130847313360159
0.0614074314509449,0.0123134795801519
0.0614372108233176,0.0118157598327021
0.0614668973976474,0.0113178811765602
0.0610865805557614,0.0105384188588774
0.0611173907630696,0.0100404851534646
0.0607274947362385,0.0092691954125828
0.0607499853366041,0.0087634599348416
0.0589999999999377,0.0
0.0601218516636353,0.0047275313344269
0.0607790454071775,0.0082649784694428
0.0604801747062377,0.0059987297013261
0.0608083479623287,0.0077670140470314
0.0601511289662631,0.004229069737368
0.0597922494748319,0.0029572557390994
0.0601802945636993,0.00373053874114
0.0592499999999386,0.0004330127018939
0.0594336687150012,0.0016850438507206
0.0594642470623346,0.0011998872808774
0.0598216603664968,0.002458580699926
0.0640000000000401,0.02
0.0635960305042413,0.018914891662291
0.0632544221433757,0.0176743208334303
0.0628973424946897,0.0164010095775958
0.0625101998308408,0.0156277958756596
0.0622130719466598,0.0133588353553579
0.0618249640020769,0.012586971133163
0.0614965492468823,0.0108200405147724
0.0611446461683084,0.0095426385303504
0.0605094863185818,0.00550041171937
0.060538847222464,0.0050020997809958
0.0608376899057473,0.0072691317764151
0.0608673752426642,0.0067712161454033
0.0608969667858201,0.0062732086341818
0.0602095374812587,0.0032319400922099
0.0594826163532097,0.00077123403807
0.0598509806670983,0.0019597943996264
0.0642573559063649,0.0195874942846043
0.0640118636351563,0.0191464163267438
0.0636419149701255,0.0184483417304952
0.0636713878599144,0.017948958220823
0.0632841285984753,0.0171755426789715
0.0633139479025955,0.0166766866065314
0.0629270947081516,0.0159026677990559
0.0625398661899309,0.0151294972148493
0.0625695392025429,0.0146310958117856
0.062599924618259,0.0141319426194931
0.0626296896965205,0.013633631060009
0.0622421831583593,0.012860949264539
0.0618537700101771,0.0120895388289476
0.0618832353837589,0.0115924475108503
0.0619128997447165,0.0110946539978006
0.061533202750444,0.0103157150874135
0.0615629344315898,0.0098173908298766
0.0611648000462815,0.0090384082198286
0.0611956339130086,0.0085404714268139
0.0594999999999397,0.0
0.0605681506860402,0.0045036800358486
0.0612249295729706,0.0080414001797225
0.0609265674030907,0.0057750841544009
0.0612542491834028,0.0075435443217082
0.0605974746253764,0.0040051900211879
0.0602388772615095,0.002733280545034
0.060626799961412,0.0035066331393167
0.0597499999999397,0.0004330127018938
0.0598803021317269,0.0014609423365389
0.0599348617025162,0.0009114855090525
0.0602679904682849,0.0022345352884251
0.0645000000000383,0.02
0.0640334508830222,0.0186608609574744
0.063701246956159,0.0174506579127462
0.0633437054667781,0.0161781029577105
0.0629566728637462,0.0154044577371923
0.0626594045783454,0.0131353912768375
0.0622724915574489,0.0123624999060722
0.0619457250931872,0.0105959722731341
0.0615881386013382,0.0093169161985183
0.0609558694043912,0.0052767178603226
0.0609851769016298,0.0047782975571786
0.0612839515671065,0.0070457781623445
0.0613137939657018,0.0065478157805265
0.0613435785868322,0.006049743851415
0.0606560098877968,0.0030079901474047
0.0602974661998179,0.0017357583575871
0.0647548918564355,0.0195723107160704
0.0645292848936433,0.0191641259678198
0.0643593218274482,0.0188274667552319
0.064075483879437,0.018195183519116
0.0641173497381513,0.0177227757980622
0.0637309512627923,0.0169518935480757
0.0637607079645704,0.016453162986011
0.063373527196115,0.0156794534646468
0.0629863827892998,0.014905996221409
0.063016056786541,0.0144075339083075
0.0630462633514704,0.0139085519476028
0.0630760020981289,0.0134102150358296
0.062689209441577,0.0126370694555708
0.0623010190992199,0.0118650252003946
0.0623318224299889,0.0113667835099946
0.0623630548217839,0.0108680037319785
0.06197884242785,0.0100930354688291
0.0620080061518956,0.0095936174523995
0.0616148209063604,0.0088170388084731
0.0616418778162762,0.0083167662865299
0.0599999999999417,0.0
0.0610144394032924,0.0042798457357823
0.0616708434473924,0.0078179325831294
0.0613729083776524,0.0055513958874935
0.0617006718708344,0.0073202324010294
0.0610436552824488,0.0037813049987564
0.060685012541931,0.0025091367147122
0.0610729061716124,0.0032825757353078
0.060217943258687,0.0004420827803897
0.0603334746415372,0.0012510498346745
0.0607140291495258,0.0020101604309417
0.0650000000000382,0.02
0.0644611182263086,0.0184211594338677
0.0641480560947318,0.017226991708337
0.0637904214822989,0.0159545186234555
0.0634032352591687,0.0151809407993212
0.0631058024532005,0.0129118748012513
0.0627197131945761,0.0121379130903659
0.0623951941752843,0.0103676340923117
0.0620336239035937,0.0090924033501817
0.0614022229826165,0.0050529311605589
0.0614315294931734,0.004554457767735
0.0617305394984377,0.0068224682154294
0.0617603521133503,0.0063244796743848
0.0617898553507448,0.0058261142343462
0.0611019944395326,0.0027836186213648
0.0604052391647417,0.0008236106737335
0.060743475319986,0.0015126440477033
0.0652500029409049,0.0195669923909186
0.0650000280474965,0.0191358469320865
0.0647608914991107,0.0187447710902539
0.0645294343968595,0.0179829472702416
0.064565180185545,0.0175021120971856
0.0641777330290205,0.0167282409391368
0.0642073978078375,0.0162295521154315
0.0638201333023062,0.0154559209348429
0.0634329472704043,0.0146824321816385
0.063462773170426,0.0141838510800765
0.0634925922883179,0.0136852659844159
0.0635223117950041,0.0131868489998263
0.0631361921426695,0.0124127933197398
0.0627500826895568,0.0116391712389585
0.0627809012857412,0.0111409193147072
0.0628124458649058,0.0106409472497788
0.0624253922363292,0.0098684613180144
0.0624553192690145,0.009370420964989
0.0620608802418376,0.008593213780004
0.0620874717079904,0.0080925477795416
0.0604999999999437,0.0
0.0614606408559199,0.004056048912094
0.0621173487786982,0.0075948928347064
0.0618192826102097,0.0053276599666972
0.0621470987499687,0.0070967782888585
0.061489779134436,0.0035571414774971
0.0611310262594524,0.0022845754772292
0.0615189677286977,0.0030582496147091
0.0607652666089776,0.0004885772574455
0.0607746496119906,0.0010248579871052
0.061159679176944,0.0017853314513738
0.0655000000000381,0.02
0.0649785361786209,0.018297365317115
0.0645948425151278,0.0170033126885996
0.0642370607232244,0.0157309285997205
0.0638498044258133,0.0149573942680238
0.0635519484688328,0.0126886467063209
0.0631681168281622,0.011911916071531
0.062841958572204,0.0101430427986023
0.0624813871827948,0.0088701341550751
0.0618485812046196,0.0048291302979227
0.0618777387274363,0.0043306771245354
0.062177207646805,0.0065990801306353
0.0622067857068386,0.0061009048556024
0.0622363456339087,0.0056024449727485
0.0615480440477055,0.0025591840388258
0.0611896528809862,0.0012860755280808
0.0657499998594863,0.0195669875067608
0.0655000034077197,0.0191450888545437
0.0652373348087238,0.0187368452738152
0.0649837806381991,0.0177750740533215
0.0650120179153291,0.017278399743052
0.0646245119054766,0.0165045562687214
0.0646540652743714,0.0160058805652892
0.0642667198167899,0.0152323535886334
0.0638795355242401,0.0144588514217819
0.0639092358114475,0.0139603069860087
0.0639389675034304,0.0134618218571514
0.0639686379856033,0.0129635050984386
0.0635823045594972,0.0121892490525441
0.0631995810585646,0.011413198163283
0.0632287297911708,0.0109156675031554
0.0632585059385743,0.0104174602815468
0.0628716203203346,0.009644942529339
0.0629011854499238,0.0091469136012831
0.0625072508856883,0.0083697547718968
0.0625350522621613,0.007870364824955
0.0609999999999457,0.0
0.0619067378899649,0.0038318645107091
0.062565758258007,0.0073724065229776
0.062265711597635,0.0051038370990141
0.0625944932650388,0.0068738595643367
0.0619357668779721,0.0033328050934065
0.0615774691714263,0.002059810046781
0.0619652465827568,0.0028339985666316
0.0612184384662694,0.0007873841919407
0.0616084948777057,0.0015582513023201
0.066000000000038,0.02
0.0654504907773631,0.0184152184671867
0.0654163096712426,0.0180262071024805
0.0650416737290743,0.0167795773810976
0.0646836165911741,0.0155073194487865
0.0642963897156805,0.0147338182947415
0.0639982943824418,0.0124651898262051
0.0636132126307313,0.0116891487436501
0.0632881480223857,0.0099194100831243
0.0629306571508562,0.0086488751665905
0.0612499999999469,0.0003546362765737
0.0622948675023243,0.0046052703512178
0.0623238014053867,0.0041064804728396
0.0626239519686746,0.0063755306599985
0.0626534262765025,0.0058771881137756
0.0626827601271109,0.0053785327507507
0.0619944428412608,0.0023351232901712
0.0616515625561572,0.0010443914698122
0.0662499938195268,0.01956698701466
0.0659995097158923,0.0191400378644289
0.0657310764341832,0.018749160689785
0.0654292940535785,0.0175531533060001
0.065458892093995,0.0170546051397268
0.065071359077428,0.0162807739227737
0.0651005956853251,0.0157822183113569
0.0647133152259244,0.0150087697863831
0.0643260627516689,0.0142353057202026
0.0643557279614794,0.0137368221995024
0.0643853896641527,0.0132383934281803
0.0644150443662676,0.0127399951568827
0.0640283934426751,0.0119660824444072
0.0636437874004069,0.0111906925917223
0.063674185473296,0.0106919432220078
0.0637046098599615,0.0101938216932298
0.0633176908530488,0.0094214413381894
0.0633472192439239,0.0089234343780326
0.0629549652459682,0.0081478860500073
0.06298255009946,0.0076469864181811
0.0614999999999477,0.0
0.062353001528249,0.0036076214456043
0.06301195724015,0.0071486908881651
0.0627121230060984,0.0048799761957888
0.0630411121429615,0.0066502335141144
0.0623824009331809,0.0031088458946964
0.0620255156634176,0.0018336681299654
0.0624117818102888,0.002610011018696
0.0617104700266698,0.0004877579611069
0.0620636101911732,0.0013358449603419
0.0665000000000368,0.02
0.0658308958486108,0.0182987851931895
0.0658476304731154,0.0178252018212499
0.0654885310969961,0.0165558255599714
0.065130251389353,0.0152837339148672
0.0647429775881673,0.0145102271927163
0.0644448057465716,0.0122415251644732
0.0640585282320501,0.0114672852558777
0.0637341972060177,0.0096959787262302
0.063376737520646,0.0084253833644289
0.062741234507264,0.004381294737879
0.062770320890862,0.0038825287698215
0.0630704875103203,0.0061518382374259
0.063099827632871,0.0056532541671686
0.0631292464517175,0.0051546976141887
0.0624411804470595,0.0021111356322361
0.0621135523309582,0.0008482439215849
0.0667499799855907,0.0195669757428432
0.0664929129016909,0.0191433050562133
0.0662470782771632,0.0186595957728471
0.0658756220707953,0.0173298860837878
0.0659055468746663,0.0168309295867774
0.0655179502231168,0.0160571857547285
0.0655474253794621,0.0155586588868373
0.065159930419092,0.0147851822215497
0.0647726039812171,0.0140117350929101
0.0648022161826114,0.0135132680063413
0.0648318358729266,0.013014851607528
0.0648614671777609,0.0125164797650872
0.0644745612876837,0.0117432552534286
0.0640892386880022,0.010967343417931
0.0641200707121775,0.0104686427373918
0.0641506700486612,0.0099704078071989
0.0637634180472041,0.0091980476607603
0.063792385601124,0.0086989715983141
0.0634009368685366,0.0079229723976596
0.0634288049946863,0.0074233080883687
0.0619999999999497,0.0
0.0627996470956501,0.0033837143182082
0.0634582002679296,0.0069249537275295
0.0631585241654148,0.0046561050222108
0.063487582605656,0.0064265280072306
0.0628290783768006,0.0028849011337114
0.0624739785597693,0.001610368931853
0.0628585093630463,0.0023860356375332
0.0622551630362435,0.000403075269982
0.062501072711626,0.001126383001854
0.0670000000000346,0.02
0.0662638738941254,0.0181022196142398
0.0662923270878651,0.0176052986375049
0.0659353042701061,0.0163321626532747
0.0655769140662623,0.0150601145143344
0.0651894886602524,0.0142866419993916
0.0648911673969134,0.0120180811539964
0.064504428130237,0.0112443446859531
0.0641801668258751,0.0094726429130846
0.0638182282702657,0.0081963628936582
0.0631877700734981,0.0041574076153951
0.0632169209792664,0.0036585777645705
0.0635169502053396,0.0059280275759074
0.063546340193253,0.005429488346189
0.0635757589892046,0.0049308610439917
0.0628884936061943,0.0018868157975947
0.0625060264791895,0.0007235366168492
0.0672499928466049,0.0195680431020488
0.0669712944344452,0.0191503208421242
0.0667123771998733,0.0187934717497005
0.0666893581645576,0.0183646209844712
0.0663221963706671,0.0171064013538217
0.06635225166482,0.0166072960851966
0.0659646229402116,0.0158335888553998
0.065994033023883,0.0153350573607414
0.0656064971431769,0.0145615810823152
0.0652190931928428,0.0137881432191109
0.0652486663386708,0.0132897185929977
0.0652782659710012,0.0127913133320311
0.0653078866613998,0.0122929365482897
0.064920771835698,0.0115197303512609
0.0645358261421584,0.0107439777189926
0.0645664748786157,0.0102455399418071
0.0645966366981751,0.0097473760346591
0.0642085682019155,0.0089750571379675
0.0642348751178737,0.0084707176558979
0.0638462082994762,0.0076978546471391
0.0638750995726358,0.0071996252644187
0.0624999999999517,0.0
0.0632463795201554,0.0031597727430808
0.0639045131138543,0.0067012242688874
0.0636050925471936,0.0044321970891786
0.0639339581278383,0.0062027688776508
0.0632758210986954,0.0026609454790603
0.0629195538586094,0.0013892481426708
0.0633052791145461,0.0021620654884786
0.0627219750674541,0.0003956192798024
0.0629383692496656,0.0008443616110228
0.0675000000000323,0.02
0.0667088324262112,0.0178811822652316
0.066738568873443,0.0173821272991236
0.0663818652172318,0.0161085376683474
0.0660235414195835,0.0148365581828968
0.0656358769422147,0.0140630097517003
0.0653375116723667,0.0117945598414385
0.0649510006455006,0.0110207648029581
0.0646244089586455,0.0092485576006058
0.064263022378983,0.0079722921532992
0.0636342975300559,0.0039334374238528
0.0636636925522219,0.0034346563633258
0.0639634263161618,0.0057042412270475
0.0639928831096659,0.0052056500912788
0.0640223137638958,0.004706997289531
0.0633346850811548,0.0016631204602157
0.0677500000000311,0.0195669872981097
0.0674557835501411,0.0191518884068208
0.0671681616757336,0.0186858001799268
0.0671260308817385,0.0181563176473563
0.0667688616524129,0.0168828704305398
0.0667986388289607,0.0163837338363625
0.0664112046179388,0.0156099735275057
0.0664406427293367,0.0151114661651206
0.0660530742963186,0.0143380767514643
0.0656654877438878,0.0135645609179078
0.0656950990687552,0.0130661744750672
0.065724705945514,0.012567773148412
0.0657543098999163,0.0120693791720085
0.0653671410117,0.011296196604854
0.0649823425179153,0.0105208961321815
0.0650132354141461,0.0100217277615504
0.065041581370487,0.0095232966651063
0.06465053646454,0.008746305413458
0.0646798806466753,0.0082473948470573
0.0642919903792925,0.0074743057060533
0.0643214152517042,0.0069759274377128
0.0629999999999537,0.0
0.0636931170182979,0.0029358413996085
0.0643510058000988,0.0064775315424886
0.0640517211163524,0.0042082944046952
0.0643805620664658,0.0059790473092005
0.0637226169248798,0.0024369933188643
0.0633642220848769,0.0011643694111759
0.0637520592903404,0.0019380787780293
0.0631748069496392,0.0003831696915843
0.06800000000003,0.02
0.0671556626028995,0.0176573605646949
0.0671855228819266,0.0171583490702972
0.0668282112324149,0.0158849109556935
0.0664701392774165,0.0146129226427087
0.0660824271514864,0.0138395074447809
0.0657839690173999,0.011570982803888
0.0653981917249804,0.0107965034480524
0.0650669522267905,0.0090215207369164
0.0647088504323253,0.0077489516012901
0.0640810660607123,0.0037095319920266
0.0641104584119744,0.0032107336694124
0.064410028326506,0.0054804492512114
0.0644394624277415,0.0049818079449847
0.0644689003190845,0.0044831205020862
0.0637814979573243,0.0014391010458473
0.0634198128334489,0.0007430929492269
0.0683174317378578,0.0195057801398183
0.0679165425691479,0.019109028180005
0.0676074992887945,0.0187880059220436
0.0675708918284896,0.0184128004675683
0.0675729537417442,0.0179324936602187
0.0672153994075409,0.0166590882463496
0.0672451367621347,0.0161601850063223
0.0668577175990633,0.0153864408922308
0.0668872476049296,0.0148878963467017
0.0664993862751353,0.0141143805735382
0.0661119537207995,0.0133410846448284
0.0661415666774564,0.0128426267285055
0.0661713782503811,0.0123440336519222
0.0662010770716932,0.0118455396838962
0.0658147887691667,0.0110715748336771
0.0654293263020905,0.0102968631197284
0.0654592870642062,0.0097983290543518
0.0654865920563572,0.0092983092326864
0.0650962705794396,0.0085224683790534
0.0651257289068904,0.0080236338793449
0.0647383051461303,0.0072506154521246
0.064767949711104,0.0067522626093937
0.0634999999999557,0.0
0.0641399397102722,0.0027119089864094
0.0647978592725993,0.006253956520191
0.0644983460134066,0.0039843991333768
0.0648272057993897,0.0057552937263603
0.0641693635161891,0.0022130371265347
0.0638655115909454,0.0008797112478021
0.064198794808097,0.0017140894293438
0.0636859245888461,0.0004043294788645
0.0685000000000278,0.02
0.0676025766090025,0.0174335420309099
0.0676322949732339,0.0169346039240911
0.0672747816061409,0.0156613224781275
0.0669166999082665,0.0143893961973707
0.0665288803813432,0.0136159879560883
0.0662317841136297,0.01134602587508
0.0658456887162646,0.0105720353874561
0.065514452796254,0.0087985746535202
0.0651551711568388,0.0075253199242084
0.0645277792824098,0.0034856309388633
0.064557225379501,0.0029868107021762
0.0648566302396116,0.0052566552083966
0.0648860681295466,0.004757967683665
0.0649155198864919,0.0042592613632693
0.0642284163755046,0.001215104728241
0.0687603784864097,0.0196633173854479
0.0683822454795894,0.0189711619849372
0.0679862953584732,0.0186703453283006
0.0679901941334519,0.0182076246395349
0.0680198661051214,0.0177086569379324
0.0676620185835571,0.01643551488522
0.0676917709141938,0.0159365396361808
0.067304369509769,0.0151628361002696
0.0673338806268975,0.0146642254220745
0.0669459345485279,0.0138908930743315
0.0665585369857556,0.0131174758363074
0.0665883535336561,0.0126188373110808
0.0666182563740506,0.0121200458676304
0.0666483851278114,0.0116209959941136
0.0662624584931002,0.0108467102374968
0.065876332037519,0.0100729140276738
0.0659051132097433,0.0095743267673317
0.0659321656706622,0.0090738075188923
0.0655427603397815,0.008298761304598
0.0655720552361015,0.0078000069386318
0.0651848053872443,0.0070269948076609
0.0652147160613775,0.0065286155854987
0.0639999999999577,0.0
0.0645866877713644,0.0024879541303225
0.0652443692405468,0.0060301457933693
0.0649450269486166,0.0037605391074806
0.0652738124920543,0.0055315252180788
0.0646160950255975,0.0019890654931725
0.0643213385651951,0.0008205263915703
0.0646431501853861,0.0014942406411389
0.0641931314441101,0.0004353476320407
0.0690000000000255,0.02
0.0687954392547519,0.0192401951006073
0.0680494954612398,0.0172097262164006
0.0680791186028021,0.0167108022453573
0.0677214258907591,0.0154379106853025
0.067363329420176,0.0141656578011658
0.0669755913916106,0.0133923083912523
0.0666791018867439,0.0111212951217465
0.0662930349707309,0.0103476466581081
0.0659607954520045,0.0085746772624977
0.0656018239528406,0.0073017621262259
0.0649745406908519,0.0032617438770544
0.0650040064920827,0.0027628879806142
0.0653032474763429,0.0050328249238762
0.0653326806010641,0.0045341332990626
0.0653621504201307,0.0040354402553378
0.0646764104091057,0.0010249802794899
0.0692388381740274,0.0195420119950875
0.0688231874646875,0.0187541440172154
0.0684078738958941,0.0184803063945322
0.0684370495956237,0.017983761479785
0.0684667814011958,0.017484839693743
0.0681087955305383,0.0162118819132942
0.0681385788107689,0.0157129773864993
0.0677511190349132,0.0149391354397286
0.0677805885296869,0.0144404930948197
0.0673927442172088,0.0136671070638502
0.0670055107500603,0.0128935071655486
0.0670354661360872,0.0123946309274232
0.0670651233616285,0.0118960595836497
0.0670951688880081,0.011396926776261
0.0667094786383194,0.0106222630346271
0.066322484472604,0.0098493221825017
0.0663512037864273,0.0093503717057268
0.0663801578196291,0.0088515453632477
0.0659889449924593,0.008074807347417
0.0660187729320719,0.0075766220679971
0.0656316245033026,0.0068034741489831
0.0656613860200134,0.0063050301434676
0.0644999999999597,0.0
0.0650334312032332,0.0022640479486173
0.0656909307961327,0.0058064277326845
0.0653918634373026,0.0035367282748868
0.0657204420789191,0.0053077374366271
0.0650605025727242,0.0017691939022595
0.0647160928270398,0.0004989326743046
0.0650810293481675,0.0012842631817417
0.0695000000000232,0.02
0.0692352078290616,0.0190127818694935
0.068496408068833,0.0169859161489418
0.0685260519667639,0.0164870027928666
0.0681682529634419,0.0152141678586688
0.0678101286904685,0.0139418319545482
0.0674225719435107,0.0131683511960109
0.0671253754877601,0.0108975918345436
0.0667393110043103,0.0101240365609369
0.0664079909403324,0.0083519113522325
0.0660488533572617,0.0070783631625866
0.0654213426051988,0.0030378662583054
0.0654507761162165,0.0025390183214582
0.065749885460222,0.0048090037170992
0.0657793782953918,0.0043103316730147
0.0658090732633335,0.0038116553269597
0.0651009480191423,0.0008306677191277
0.0697763182984863,0.0195707062787274
0.0696037656974362,0.019197505428539
0.0692699176898849,0.0185311104247139
0.0688540554525375,0.0182585854893908
0.0688840183731228,0.0177599814905474
0.068913697919066,0.0172610342391325
0.0685557279661696,0.0159881100393955
0.0685853943630228,0.0154892372811231
0.0681978685299054,0.0147153894835378
0.0682274806634502,0.0142166478920776
0.067839881595898,0.0134430642463208
0.0674525445097414,0.0126694393312171
0.0674822189816674,0.0121707757121453
0.0675117652249771,0.0116722651866544
0.0675415073804756,0.0111733620318197
0.0671556137749091,0.0103988825741975
0.0667688852131842,0.0096257803176059
0.0667984163327409,0.0091274480847816
0.0668265926804495,0.0086280920873297
0.0664367921389801,0.007852235756811
0.0664666948678509,0.0073535811471056
0.0660784379591127,0.0065798961441224
0.0661080354789616,0.0060813785761231
0.0649999999999617,0.0
0.0654798671233948,0.0020399422976179
0.0661376299358932,0.0055826847846563
0.0658386923679161,0.0033128448372576
0.0661671018976798,0.0050838921160653
0.0655072678376525,0.0015473447265422
0.0652556816444846,0.0004061135245036
0.0655200555909769,0.0010773183075287
0.0700000000000209,0.02
0.0696792685707049,0.0187908682162692
0.0689433135894856,0.016762105897472
0.068972948042755,0.0162632005127385
0.068615018978673,0.0149904218955116
0.0682570974856347,0.0137179211232016
0.0678696591118967,0.0129442611518394
0.067572001045072,0.0106739705963649
0.0671856661296369,0.0099004655886303
0.0668546430484112,0.0081280947419619
0.0664957659283917,0.0068548433410855
0.065868113469725,0.0028139954788738
0.0658973085999595,0.0023150641629916
0.0661965742951216,0.0045851692556038
0.0662261756912078,0.0040864858525729
0.066255858580114,0.0035877821630411
0.0654955582085819,0.0006890687131846
0.0702500000000201,0.019566987298111
0.0700653059193903,0.0191177329506269
0.0697182371092543,0.0183103154336074
0.0693009027987518,0.0180345749095531
0.0693309865859115,0.0175361421065081
0.0693605973426638,0.017037213036764
0.06900257444319,0.0157643243586499
0.06903219333534,0.0152654804974765
0.0686446309751014,0.0144916441323473
0.0686742083784706,0.0139928992903373
0.0682866932613751,0.0132192233138244
0.0678992405974315,0.0124456507979945
0.0679287609682743,0.0119470975065365
0.0679583155334933,0.0114485177718791
0.0679881663231296,0.0109496944756286
0.0676021081305927,0.0101754466333135
0.067215202799054,0.0094022416849607
0.0672443471248962,0.0089038567622335
0.0672730078370823,0.0084044390560996
0.0668837060527549,0.0076283978841515
0.0669132047651088,0.007129811211795
0.0665252927432843,0.0063562269759796
0.0665548302978604,0.0058576055510302
0.0654999999999637,0.0
0.0659277396164471,0.0018171477503589
0.0665842793296741,0.0053587888358931
0.0662854874016699,0.003088906327771
0.0666137726709984,0.0048600123097783
0.0659635470405764,0.0013206395064387
0.065746743749943,0.0003845183527534
0.0659849233452723,0.0008173174065907
0.0705000000000187,0.02
0.0701337796264608,0.0185853796706981
0.0693902093755184,0.0165382907786208
0.0694197949291463,0.016039402088717
0.0690617960545763,0.0147666622141251
0.0687037726074041,0.0134941865446193
0.0683162823013589,0.0127205667932859
0.0680186411934963,0.0104505288403743
0.0676320365128554,0.0096770182181574
0.0673015310143387,0.0079043342999889
0.0669425420468569,0.006631122016514
0.0663146674407892,0.002589899027298
0.0663433725228126,0.0020904663988106
0.0666432690373416,0.0043612498555687
0.0666728630187482,0.0038626364353893
0.0667022766270267,0.0033638416076004
0.0707171980566126,0.0195987536198655
0.0705059251731988,0.0192662437260187
0.0705409369669179,0.0188564123050676
0.0701655686869254,0.0180864769286038
0.0697482015817995,0.0178113145125512
0.0697778851516298,0.0173123354627587
0.0698074979736401,0.0168133841527011
0.0694493912372421,0.0155405469559264
0.0694790029068604,0.0150417020175541
0.0690914025525848,0.0142678728961098
0.0691209232841455,0.0137691581034275
0.0687333517302025,0.0129955066010434
0.0683457861382797,0.0122219703329345
0.0683752658501554,0.0117234010463701
0.0684048499265717,0.0112248423301076
0.0684352823320878,0.0107256201688567
0.0680488419636178,0.0099517115194057
0.0676608480447495,0.0091783469986554
0.0676897326369025,0.0086789351642255
0.0677183835604013,0.0081793929406831
0.0673302528884925,0.0074046524393295
0.0673597441969158,0.0069060271791004
0.0669720183486893,0.0061324679008617
0.0670014739581551,0.0056336971707876
0.0659999999999657,0.0
0.0663782223331133,0.0015935220754899
0.0670309786821896,0.0051349390097445
0.0667317507084343,0.0028648302507837
0.0670604742550378,0.0046361546309556
0.0664452583768269,0.0011159024229781
0.0662442993013898,0.0003946104722419
0.0710000000000164,0.02
0.0705829313181931,0.0183616271754131
0.0698370699960153,0.0163144725573222
0.0698666006768676,0.015815602906111
0.0695085898747936,0.0145428978878828
0.0691504385200283,0.0132704620144314
0.0687628548655654,0.0124968906512411
0.0684654473664783,0.0102267296486767
0.0680779570474887,0.0094529036335265
0.067747335997006,0.0076795490023846
0.0673892262987516,0.0064073554902622
0.066761144470061,0.0023659085933456
0.0667911587604345,0.0018680730645197
0.0670899782254552,0.0041373927889808
0.067119403045894,0.0036385456068169
0.0671488431368134,0.0031396312254505
0.0664694934753634,0.0007193655853046
0.0711033657468214,0.0196517519956859
0.0709561849230532,0.0191913324564224
0.0709952157649064,0.0186455935298668
0.0706125370607885,0.0178626120878637
0.0701951948514586,0.0175874711826625
0.0702248119524249,0.0170884870988883
0.0702544015368631,0.0165895246787491
0.0698961967337285,0.0153167552731433
0.069925808057037,0.0148179229437202
0.0695381360094195,0.0140441325275834
0.0695676186289406,0.0135453909834168
0.0691799925145147,0.0127718034124419
0.0687924000336622,0.0119982705459196
0.0688219013505083,0.0114996830599606
0.0688520047073674,0.0110007707242994
0.0688822211726085,0.0105017881236245
0.0684952573573478,0.0097281085413065
0.0681067158596928,0.0089540100380578
0.0681350933945928,0.0084535651896237
0.0681645041948782,0.0079544184410051
0.067776826695616,0.0071809041263597
0.0678063294922054,0.0066822478395532
0.0674186995172836,0.0059086360144346
0.067448188332625,0.0054098886413911
0.0664999999999677,0.0
0.0668505886800486,0.001378379729161
0.0674776935573402,0.0049110923595326
0.0671782030148057,0.0026405247069341
0.0675071905563003,0.0044122910608031
0.0669198819901382,0.0008612515437688
0.0667531043631898,0.0004077460809436
0.0715000000000141,0.02
0.071031272525271,0.0181356493653581
0.0702839246291569,0.0160906286669211
0.070313437505188,0.0155917880244919
0.0699554085027162,0.0143191045349839
0.0695970992109171,0.0130467227050081
0.0692094827929179,0.0122731972146347
0.0689122384208881,0.0100029850867674
0.0685239482753397,0.0092286902317762
0.0681939046218317,0.0074557876917556
0.0678358520677945,0.0061835572383154
0.0672077634733233,0.0021415456049346
0.06724196174147,0.0016520065762848
0.0675366317822134,0.0039133887384913
0.0675661108291169,0.0034145161670383
0.0675955632203562,0.0029155464154097
0.0714224915306116,0.0194239556460138
0.0714115564544385,0.0189174273329043
0.0714484124015646,0.0184111125440354
0.0706421453769461,0.0173636084130788
0.0710594892392876,0.0176387454244204
0.0706717380566223,0.0168646240467994
0.0707012841035606,0.0163656813635137
0.0703430138208662,0.0150929738668112
0.0703726253649287,0.0145941364430294
0.0699848732133366,0.0138203707596795
0.070014357465864,0.0133216650701753
0.0696266590023427,0.0125480616942689
0.0692391092045464,0.0117744809703767
0.0692690398980032,0.0112756523192634
0.0692990872620521,0.0107767881113073
0.0693292669467773,0.0102778350018393
0.0689413450007689,0.0095040542287748
0.0685523320287961,0.0087285518660944
0.0685814380330679,0.0082292854202434
0.068610963805671,0.0077306676548966
0.0682234150074955,0.0069571453219746
0.0682529608372602,0.0064584815579271
0.0678653893892974,0.005684820941918
0.0678949198884238,0.0051860479190245
0.0669999999999697,0.0
0.067295186682334,0.0012003392276803
0.067924434590631,0.0046872275595024
0.0676250776606404,0.0024165960692793
0.0679539353382385,0.0041883768599209
0.0672279639875476,0.0004146927320304
0.0717998678548102,0.0196338390632586
0.0714768451173992,0.0179138913429713
0.0707308132876277,0.0158667889502079
0.0707603008030531,0.0153679448033053
0.0704022251209616,0.0140953289279835
0.0700437777777798,0.0128229857862042
0.0696561661443764,0.012049417891136
0.069358690341139,0.0097793077235802
0.0689700823579441,0.009004513082897
0.0686404936975504,0.0072320332487299
0.0682825747206441,0.005959778519113
0.0673804507338183,0.0007880687761984
0.0676546113865879,0.0019175998774367
0.0676896690156085,0.0014296243710564
0.0679834349374962,0.0036894966546034
0.0680129181851236,0.0031905724469584
0.0680424332597497,0.0026916295196057
0.0720000000000119,0.02
0.0718202043896003,0.0191995495865393
0.0718645644812232,0.0186969644161891
0.0718940803487599,0.0181890359466182
0.0710890924990628,0.0171397414315203
0.0715064375295461,0.0174148736147167
0.0711186894275061,0.0166407451939598
0.0711482020119356,0.016141766467001
0.0707898261105804,0.0148691706089889
0.0708194479431807,0.0143703468643401
0.0704316613168346,0.0135965975157151
0.0704610518163891,0.0130978708575327
0.0700733604209215,0.0123242866924265
0.0696861985202907,0.0115504924154157
0.0697161777950648,0.0110516434809675
0.0697462313238323,0.0105527455878354
0.0697757199956851,0.0100541721727033
0.0693877329435533,0.0092804035961354
0.068998522287109,0.0085042621987002
0.0690280183127271,0.0080055730363293
0.0690575703092064,0.0075069193902058
0.0686700422660765,0.006733399214535
0.0686995935029141,0.0062347506401945
0.0683121410869117,0.005460991886319
0.0683416752351383,0.0049621937000081
0.0674999999999717,0.0
0.0677188421543692,0.0009761423900149
0.0683711970619797,0.0044633548899531
0.0680721163059976,0.0021929665845794
0.0684007243713444,0.0039644906873483
0.0677403788547028,0.0004879179874977
0.0722566433538128,0.0195456900837399
0.0719238082789744,0.0176900085849739
0.0711777306728722,0.0156429243760143
0.0712071841742849,0.0151441749720352
0.0708490330367451,0.0138715484468948
0.070490465139311,0.0125992267442386
0.0701029379388101,0.0118255665834645
0.0698050600780797,0.0095553037062647
0.0694160999426923,0.0087800711670479
0.0690871139638889,0.0070082833294846
0.0687292412602929,0.005736011579814
0.0681024222099095,0.0016954975732838
0.0681207892479316,0.0012139582876113
0.068430248639168,0.0034655996511281
0.0684597761283266,0.0029666661453633
0.0684893072290086,0.0024677113895721
0.0725000000000096,0.02
0.0722820302242919,0.0189632663846644
0.0723112998426135,0.0184656639126871
0.072340732844989,0.0179654263704845
0.0715360294764039,0.0169158756503325
0.071953173361181,0.0171909869379543
0.0715656051007435,0.0164168889752771
0.0715951663142218,0.0159179607184387
0.0712366565101711,0.0146453915597287
0.0712662748456267,0.0141465657108891
0.0708784272477111,0.0133728010320245
0.0709078484435553,0.0128740464988968
0.0705203438558864,0.0121003819595735
0.0701332735140483,0.0113265117368089
0.0701632362521618,0.0108276707151744
0.0701927349077588,0.0103290617768038
0.070221937189358,0.0098304682920922
0.0698329094837714,0.0090546967520373
0.0694452122346835,0.008280719262054
0.0694746242071327,0.0077818637633476
0.0695042086690216,0.0072831659609777
0.06911667658735,0.0065097011888996
0.0691462800664057,0.0060109666229393
0.0687589243331095,0.0052371793023763
0.0687884497550513,0.0047383466766982
0.0679999999999737,0.0
0.0680803112838704,0.0008063534172826
0.068817989730531,0.0042394915939447
0.0685190286050533,0.0019690735794747
0.0688475536602036,0.0037406241094576
0.0727365624411026,0.0196647267242063
0.0727193178313233,0.0192416324512916
0.0723702137445763,0.0174662150385341
0.0716245292201731,0.0154191689956765
0.0716539555996616,0.0149203997478723
0.0712958618045818,0.0136477386001465
0.0709376267996415,0.0123752424172817
0.0705502629436885,0.0116015156750223
0.0702502891010757,0.009329637779264
0.0698622649185901,0.0085557061849324
0.0695337424258979,0.00678448101749
0.0691759808498663,0.0055122060398467
0.0682784378606897,0.0004381511462554
0.0685468502694339,0.0014733144497158
0.0685431083016587,0.0009155972750338
0.0688771169043937,0.0032417063997983
0.0689066624323119,0.0027427615067503
0.0689362026869797,0.0022437851624811
0.0730000000000073,0.02
0.0727215786271893,0.0187390555776359
0.0727496004856697,0.0182401384423094
0.0727872665430793,0.0177413796584343
0.0719828911975105,0.0166920029502365
0.0723998684734995,0.0169672290254376
0.0720125292696539,0.0161930277216934
0.0720419073228152,0.0156941881781099
0.0716835059645333,0.014421631138122
0.0717131038145635,0.0139227754897318
0.0713253774293441,0.0131489296217565
0.0713549418901428,0.0126501535100441
0.0709674203154041,0.0118764466127185
0.0705802701142566,0.0111026135145142
0.0706097705629489,0.0106039710137815
0.0706392082831535,0.0101051316457111
0.0706668609338031,0.0096043752780746
0.0702793890094516,0.0088305702784976
0.0698917437398497,0.0080568392219669
0.0699212957866243,0.0075581334061039
0.0699508542220877,0.0070593913114885
0.0695633119410737,0.0062858681932598
0.0695930634931845,0.0057871177459277
0.0692056885871506,0.0050133371291556
0.0692352339227105,0.0045144913702268
0.0684999999999757,0.0
0.0692647796118965,0.0040156418299845
0.0689657374253854,0.0017447747958757
0.0692944332930409,0.0035167571756577
0.0732068510203598,0.0195363110860001
0.0731590049532048,0.0189920909307758
0.0728168163333822,0.0172425830768421
0.0720712968723113,0.0151954135740374
0.0721007686261231,0.0146966472424574
0.0717427169813102,0.0134239322735025
0.0713847029960763,0.012151340334469
0.0709973319237259,0.0113775736430541
0.0706964943287641,0.0091056080537929
0.0703088700530713,0.0083318052646779
0.0699803792967403,0.0065606430631722
0.0696228563371286,0.0052883263404536
0.0687677222233924,0.0004385642902596
0.0689952297627813,0.0012457210177572
0.0693240272733114,0.0030178298104331
0.0693535715384602,0.0025188529234181
0.0693831094679321,0.002019851215817
0.0735000000000051,0.02
0.0731792321898412,0.0184957281277955
0.0732042452714549,0.018017138176606
0.0732345016949741,0.0175171275787938
0.0724297088092046,0.0164681936910969
0.0728466629703265,0.0167435364073537
0.0724592733716793,0.0159692146051403
0.0724885976353558,0.0154704761640296
0.0721303344326026,0.0141978367831024
0.0721599268868012,0.0136989835325101
0.0717723384092272,0.0129251070861354
0.0718019449866569,0.0124263119332806
0.0714144070251388,0.0116525504116443
0.0710268341810635,0.0108788989404391
0.0710558122428465,0.0103796360036903
0.0710843983677927,0.0098792945141216
0.071113647522128,0.0093805751190309
0.0707259526004439,0.0086068939409078
0.0703384162395042,0.0078330869221575
0.0703679814921064,0.0073343329353946
0.0703975358936664,0.0068355956670344
0.0700100795012418,0.0060620159794438
0.0700398722633912,0.0055633232996232
0.0696524964692275,0.0047894962380969
0.0696820896466813,0.0042906717647265
0.0689999999999777,0.0
0.0690038469911468,0.0007935432232704
0.0697117597897067,0.0037918334909672
0.069422291402019,0.0014948595708099
0.0697414002333419,0.0032929032631144
0.0736776774311639,0.0196275114421164
0.0736248452295138,0.0191939145103482
0.0736113913115206,0.0187234403182082
0.0732637376386938,0.0170188474104989
0.0725180120703122,0.0149717359746116
0.0725475724524462,0.0144729138294477
0.0721895177313283,0.0132001472239706
0.071831527835013,0.0119275283280804
0.0714438436536831,0.0111538398482006
0.0711431322468716,0.0088818817195538
0.0707555427184047,0.008108045426197
0.0704271119803137,0.0063368898550532
0.0700697378233781,0.0050644667793417
0.0692500007849436,0.0004214438682669
0.0694708672068002,0.0009316175460888
0.0697709358799445,0.0027939267156635
0.0698006498698178,0.0022942032802549
0.0698315172265956,0.0017915855655234
0.0740000000000028,0.02
0.0736295724900079,0.0182625053212379
0.0736550496283551,0.0177874883883146
0.0736808549347648,0.0172942227851657
0.0728763590523389,0.0162444920232321
0.0732934404730805,0.016520012504128
0.072905870339933,0.0157453967435901
0.072935225835084,0.0152469079086885
0.0725771612704559,0.0139740369924108
0.072606670409627,0.0134751981053027
0.072219102906196,0.0127013336474543
0.0722486632719358,0.012202502761957
0.0718610087728302,0.0114287034784808
0.0714729576729125,0.0106546274515192
0.0715011746029167,0.0101544461890418
0.0715308019154374,0.0096556041054591
0.0715603052839937,0.0091569047316665
0.0711726815903303,0.0083830166811711
0.0707851145122027,0.0076092837924793
0.0708146622846563,0.0071105530251064
0.0708442414912657,0.0066118119785193
0.0704570358872257,0.0058382070986716
0.0704868947525306,0.0053394669398001
0.0700993218940653,0.0045656558223097
0.0701289633753459,0.0040668234406946
0.0694999999999797,0.0
0.0701586473056515,0.0035679665832009
0.0698785481686706,0.0012894909729518
0.0701882962302575,0.0030690013178792
0.0740566909059378,0.0194073316142336
0.0740493222517276,0.0189315756725442
0.0740407814341973,0.018498667994709
0.0737105973072886,0.0167951422117766
0.072964826450754,0.0147479985446283
0.0729944183965545,0.0142490984970377
0.072636270576428,0.0129763649382819
0.0722781146791297,0.0117034836380331
0.0718898006075664,0.0109295848531555
0.0715898518042241,0.0086580042508806
0.0712022537908503,0.0078842426416858
0.0708741012202206,0.0061131467757295
0.0705165935390818,0.0048406528343161
0.0697499999999806,0.0004287034084937
0.0699999999999809,0.0008401747015984
0.070217662990634,0.0025699671179997
0.0702476082907826,0.0020706734201253
0.0702696712606847,0.0015827029114247
0.0743775411172109,0.0196406231964634
0.0740819465900009,0.0180482151091883
0.0740982344049312,0.0175693892440398
0.0741278458246737,0.0170703523600207
0.0733231389360837,0.0160206440935738
0.0737402404076518,0.0162960894863633
0.0733524875666943,0.0155220451902571
0.0733821024682311,0.015023100537145
0.0730239016708265,0.013750265603069
0.07305335935982,0.0132514663019943
0.0726658183221106,0.0124775455140311
0.0726954088369584,0.0119787277689623
0.072307071253491,0.0112036405714142
0.0719186773455155,0.0104295062416375
0.0719479527541768,0.0099306011932635
0.0719774692885241,0.0094318728407444
0.072007027573791,0.0089330580057339
0.0716194068078873,0.0081592079115799
0.0712317968124885,0.0073854877468431
0.071261360144097,0.006886800613353
0.0712911885871643,0.0063881167973673
0.0709041556056563,0.00561439974238
0.0709338472639073,0.0051156500096
0.0705461572265634,0.0043417708672966
0.0705757806015986,0.0038429790003298
0.0699999999999817,0.0
0.0706052977828933,0.0033440482566359
0.0702409653076352,0.001172356664159
0.0706348676656208,0.002845063548226
0.0745000000000005,0.02
0.0744881734535867,0.0191543026081177
0.0743923196989314,0.0187122450618038
0.0744756083512876,0.0183145961898787
0.074157464564867,0.0165713287244828
0.0734116971411936,0.0145241777741485
0.0734412016295272,0.0140253400343387
0.0730829408554223,0.0127526603513296
0.0727248474043508,0.0114796579632272
0.0723354856703331,0.0107044805171141
0.0720365886914618,0.0084341981542857
0.0716489634808274,0.0076604466749006
0.0713212322762646,0.0058893886276994
0.0709634280969857,0.0046167901711559
0.0702499994836361,0.0004279860622951
0.0704942534947881,0.0008436306573678
0.0706644837602206,0.0023464578656346
0.0706948208216153,0.0018498777012948
0.0707245677488091,0.001322233144494
0.0747573794775667,0.0195724727520464
0.0745161630763941,0.0178426222380028
0.0745452226343348,0.0173455127315769
0.0745748321429391,0.0168464789606636
0.0737698520714724,0.015797086932898
0.0741870913710943,0.0160723194295073
0.0737993938668664,0.0152982105768713
0.0738289909111647,0.0147992681668215
0.0734706004067606,0.0135266031021046
0.0735000483308108,0.0130278880168873
0.0731125553873506,0.0122537988694735
0.0731421698123042,0.0117549436140232
0.0727542352935134,0.0109808238463159
0.0723651159926648,0.0102056228422689
0.072394629117457,0.0097068964002263
0.0724242196300548,0.0092080828612823
0.0724537861334498,0.0087092481276059
0.0720661373670661,0.0079354012432299
0.0716785076873943,0.0071617424649475
0.0717081773383204,0.0066631068509088
0.0717388954249432,0.006164716367784
0.0713510836796644,0.0053906752013309
0.071380717627813,0.0048918461362912
0.0709929879553099,0.0041179163075549
0.0710224929460515,0.0036189850022561
0.0704999999999837,0.0
0.0710520099253442,0.0031199968727304
0.0710814553043754,0.0026209098584761
0.0749999999999983,0.02
0.0749396009444722,0.0191529991478017
0.074843380434307,0.0186701772068222
0.0749229900423605,0.01812830425096
0.0746044300304091,0.0163474621291772
0.0738585520983056,0.0143003578678478
0.0738878812547961,0.0138017198732238
0.0735297081939121,0.01252897442773
0.0731713012375292,0.0112556908539615
0.0727823801050495,0.0104807985714583
0.0724833420717996,0.0082104038899696
0.0720956784192778,0.0074365980411171
0.0717683647696754,0.0056657417609143
0.0714102688310891,0.0043929285980342
0.0707499969019049,0.0004330128598933
0.0709892838235841,0.0008525183870903
0.0711110555896443,0.0021218834600087
0.0711467476884656,0.0016408666270311
0.0752883112059131,0.0194740202988943
0.0749626015112589,0.0176206816300717
0.0749922118233109,0.0171216320589427
0.0750217708251539,0.0166225999699678
0.0742167044982068,0.0155733330730156
0.0746340307628856,0.0158484652391103
0.0742463024432814,0.015074365871637
0.0742758410010252,0.0145754704443498
0.0739172550829594,0.0133031204386871
0.0739468717516505,0.0128042165315028
0.0735593780767933,0.0120300605162564
0.0735888918144244,0.0115311249470221
0.0731997831029017,0.0107560544283429
0.0728118458492846,0.0099819427812075
0.0728413945525465,0.0094831173946228
0.072870996492825,0.0089843048686393
0.0729005423407665,0.0084854409857248
0.07251284075997,0.0077116557306976
0.0721255535163924,0.0069380100894745
0.0721558620586832,0.006439373759736
0.0721856738483733,0.005940785925542
0.0717980062832944,0.0051669083716784
0.0718275669560794,0.0046679870412039
0.0714397762417626,0.0038939810909203
0.0714693173238722,0.0033950220044094
0.070999999999984,0.0
0.0714988363318186,0.0028960066918406
0.0712169179087559,0.0012171932087179
0.071528396271706,0.0023969969267875
0.075499999999996,0.02
0.0753207601509876,0.0188940228731281
0.0753503673590156,0.0183949342735566
0.0753799943257977,0.0178958514165689
0.0750513623654737,0.0161235935954098
0.0743051984046636,0.0140767934558784
0.0743345474894174,0.0135781874284011
0.0739765404859825,0.0123052217977126
0.0736180455801776,0.0110321019736586
0.0732289131935674,0.0102571920505722
0.0729300510898152,0.0079866750085079
0.0725427589627368,0.0072130928957273
0.0722152971055124,0.0054419760714509
0.0718571207427836,0.0041690492499368
0.0712482050670186,0.000430763289908
0.0714817150820412,0.0008640963934754
0.0715482373121816,0.0019127315829453
0.0716420840525135,0.0013804269970144
0.0757916402596972,0.0195877539871724
0.0757123461754288,0.0191176300223967
0.0754095701748391,0.0173967918175646
0.0754391200259737,0.0168977460744234
0.0754686953273996,0.016398729834153
0.0746636318989585,0.0153494761141158
0.0750809711533891,0.0156246052240055
0.0746931401098644,0.0148505919826448
0.0747224895654308,0.0143519269873785
0.0743641394036433,0.0130793023564613
0.0743937545926729,0.0125803851326338
0.0740061525381729,0.0118062590286074
0.0740356674143146,0.0113073715176236
0.0736464595402968,0.0105328993630621
0.0732587333195906,0.0097583058926791
0.0732881412834166,0.009259443896459
0.0733178824049452,0.0087607298608159
0.0733473317791816,0.0082616048954167
0.0729599808083546,0.0074881910941222
0.0725729679581188,0.0067145112727996
0.0726028646905381,0.0062158048786374
0.0726325897723282,0.0057170454402991
0.0722448591450578,0.0049430553997727
0.0722744314517479,0.0044441225577636
0.0718866717651825,0.003670094495187
0.0719162133518759,0.0031711047869927
0.0714999999999828,0.0
0.0719457782066057,0.0026721068998279
0.0719753284075561,0.002173107255417
0.0759999999999937,0.02
0.0757634774389538,0.0186615249748985
0.0757973499058294,0.0181710337319169
0.0758269277080642,0.0176719640318676
0.0754983061518161,0.0158997456018217
0.0747518790190065,0.0138530981340691
0.0747814246103974,0.0133544048056868
0.0744233718337074,0.0120814468686322
0.0740647890922,0.0108084862472288
0.0736766210218562,0.0100341000858947
0.0733773693773242,0.0077633111257425
0.0729905954940093,0.0069898658049029
0.0726621481845099,0.0052181313740299
0.0723040027813542,0.0039451742724092
0.0717466518115881,0.0004323174218029
0.0719710235658033,0.0008871239184405
0.0719465430975229,0.0017626542998861
0.0762753038014135,0.0195983914427461
0.0760632461929933,0.0192754410587325
0.0761553807047434,0.0188968271318143
0.0758564431059279,0.0171729212100887
0.075886034971727,0.0166739307561549
0.0759156376621022,0.0161749211436268
0.0751105682672974,0.0151256068473613
0.0755279173386875,0.0154007384994013
0.0751399689221908,0.0146267505906647
0.0751693858141944,0.0141279650555225
0.0748110337229154,0.0128554765642721
0.0748406349377368,0.0123565415826772
0.0744529645169716,0.0115825283301413
0.0744824751455233,0.0110836094948879
0.0740943475389173,0.0103096615884876
0.0737059873490417,0.0095350592134604
0.0737353775605994,0.0090361882316038
0.0737656973149555,0.0085376863250283
0.0737949356190258,0.0080388951414723
0.073407537750889,0.0072647197282502
0.0730201730263533,0.0064909202083193
0.0730498959834888,0.0059921247069764
0.0730794533229106,0.0054931997664301
0.0726917423691299,0.0047192179956592
0.0727213270155917,0.0042202624315745
0.0723335747496721,0.0034462030154255
0.0723631446386365,0.0029472097937455
0.0719999999999805,0.0
0.0723872297994459,0.0024373307169144
0.0721361670010564,0.0013974926945844
0.0723893977379804,0.0018839748608317
0.0764999999999914,0.02
0.0762140212582164,0.0184447962778556
0.0762441537203002,0.0179469528964037
0.0762738216544687,0.0174481263296523
0.0759452670982706,0.0156758718321293
0.0751987579543336,0.0136292065838775
0.0752282918552448,0.0131305006027214
0.0748702354647089,0.0118576191598394
0.0745120533154727,0.0105847345651507
0.0741244822068603,0.0098108356409847
0.0738248687639688,0.0075398438985202
0.0734375979214881,0.0067660434842013
0.0731090493668891,0.0049943124397989
0.0727509312465695,0.0037213058003082
0.0722499923634084,0.0004330161916536
0.0725073007542689,0.0009478987112596
0.0767499999999906,0.0195669872981095
0.0765051639127279,0.0191791071302419
0.0766220305404828,0.0187031938215596
0.0763033649895889,0.0169491693906795
0.0763329815209822,0.0164501286114148
0.0763626052357051,0.0159510781841175
0.0755575132223208,0.014901732375311
0.0759748697560761,0.0151768674893026
0.075586936866177,0.0144028216220477
0.0756162825580276,0.0139039864150976
0.0752579243041787,0.0126316390797463
0.0752875183430087,0.0121327031061942
0.0748998198029904,0.0113586976240175
0.0749293876228043,0.0108597894873939
0.0745416166791995,0.0100858680571672
0.0741533707365388,0.0093115755146462
0.0741831111577673,0.0088128601348251
0.0742128989813334,0.0083141163902327
0.0742424994379237,0.0078152400319522
0.0738548141401888,0.0070410629620122
0.073467207476302,0.0062672041104014
0.0734967546091262,0.0057682900337204
0.0735263862376734,0.0052694437984045
0.0731387078457889,0.0044954192615821
0.0731682988613353,0.0039964390481136
0.0727805060285835,0.0032223175184494
0.0728100834069207,0.0027233088730275
0.0724999999999781,0.0
0.0728396463989758,0.0022242766186368
0.072569230128781,0.0014362691241956
0.0769999999999897,0.02
0.0766598279297659,0.0182191024162119
0.0766911592259817,0.0177234169811399
0.076720767471335,0.0172243573823565
0.0763922300547918,0.0154520131923098
0.0756458259386052,0.0134051765905664
0.0756752233724823,0.0129064018882148
0.0753171089294454,0.0116337788326072
0.0749589307038566,0.0103609153912737
0.0745712815013667,0.00958700159956
0.0742722529612623,0.0073163264212132
0.0738845269642012,0.0065422933399338
0.0735560329953489,0.0047704745360155
0.0731978780428805,0.003497438515877
0.0727456064964116,0.0004361475497333
0.0728855484314101,0.0017261886737971
0.072927736719189,0.0012257906805054
0.0772216592949626,0.0195912249205258
0.0770287172390305,0.0190785295351196
0.0770790684040073,0.0184975648260069
0.0767503514112332,0.0167253330514914
0.076779964313716,0.0162262681647745
0.0768095781778182,0.0157272063599386
0.0760044659780743,0.0146778533732216
0.0764218270586644,0.014952993214748
0.0760340596635692,0.0141788332535568
0.07606340591,0.0136799608879242
0.075704745180126,0.012407656470785
0.0757343952138016,0.0119088650136973
0.0753466925790756,0.0111348546888452
0.0753762529233494,0.0106359544449909
0.0749884225476105,0.0098621574928914
0.0746007608512876,0.0090880584793644
0.0746303491027895,0.0085891842179558
0.0746599294535804,0.0080903598094763
0.0746895972774909,0.0075914657638477
0.0743018612351191,0.0068173917385722
0.0739140812869563,0.0060433591770926
0.0739436284518925,0.0055445597097459
0.0739734752019711,0.0050457548241412
0.073585679950135,0.0042715736878107
0.0736152643238002,0.0037725822050714
0.073227459992206,0.0029984296104585
0.0732570369536687,0.0024994017319015
0.0729999999999758,0.0
0.0730508711448024,0.0007900528107006
0.0732866157464056,0.0020003586236652
0.0774999999999896,0.02
0.0771085344296074,0.0179986896943058
0.0771381442172083,0.0174995994501337
0.0771677552813344,0.0170005174806996
0.0768391995494894,0.0152281489668189
0.0760929939815428,0.0131810031655627
0.0761219885168767,0.0126824905115695
0.0757639931866526,0.0114099416568307
0.0754057501684917,0.010137097249683
0.0750181397855715,0.0093632572177802
0.0747192501201959,0.0070925901386648
0.0743314035960272,0.0063184643076491
0.0740030638384822,0.0045467339124678
0.0736448422248801,0.0032735611104372
0.0732389571581276,0.0003872210849692
0.0733189179002534,0.0015014582300501
0.0733856281901635,0.0010596461754764
0.0777759760135295,0.0195906952739761
0.0774889270576878,0.019233138762356
0.0775037427483213,0.0187833676175872
0.0775272118426684,0.0182755774860721
0.0771973655973145,0.016501443998645
0.0772269732631594,0.0160023768651168
0.0772565813009517,0.0155033164290754
0.0764514269035355,0.0144539663430243
0.0768687989425727,0.0147291150180575
0.0764809997206252,0.0139549335845211
0.0765105165344592,0.0134559494736844
0.076151654011996,0.0121839176719669
0.0761813055548446,0.0116850518333392
0.0757935762870622,0.0109109963930294
0.0758230523596869,0.0104121865620838
0.0754351121984338,0.0096387575611897
0.0750477611121977,0.0088644097303153
0.0750773584539144,0.0083655442252103
0.0751070629380348,0.0078668223178129
0.0751366320295388,0.0073679172877354
0.0747487422933092,0.0065935713719329
0.0743610020527854,0.005819638567287
0.0743907373686118,0.0053208048865136
0.0744204951523735,0.0048219387795731
0.0740326549279185,0.0040477341015883
0.0740622257637857,0.0035486976031652
0.0736744211960608,0.0027745303432003
0.073704092591782,0.0022754948340512
0.0734999999999751,0.0
0.0734801700542956,0.0006889701837402
0.0737340611382749,0.0017764666800844
0.0779999999999917,0.02
0.0775555630942104,0.01777478654798
0.0775851686444837,0.0172756998978911
0.0776147726529151,0.0167766213307163
0.0772861842894255,0.0150042649268524
0.076539643927963,0.0129575290888003
0.0765690108730984,0.0124588866369583
0.0762108919406897,0.0111860912351433
0.0758524201086347,0.0099138141177318
0.0754654287602112,0.0091404121479781
0.0751662865323931,0.0068690147965444
0.0747783807248905,0.0060947740968671
0.074450059707487,0.0043229116491877
0.0740918074434094,0.0030496653430152
0.0737217837533012,0.0004006129827807
0.0737700475656008,0.0012900267129157
0.0738307142568358,0.000854035452086
0.0782271243128608,0.0195724691613886
0.0779579610147458,0.0191106775395313
0.0779433756998669,0.0185490796480808
0.077972986679997,0.0180499765824719
0.0776443765001086,0.0162775486648332
0.0776739797610251,0.0157784821653036
0.0777035800957421,0.0152794218783543
0.0768983927885116,0.0142300620610373
0.077315793112264,0.0145049597777692
0.0769279240013212,0.0137310342398006
0.0769570239310003,0.0132326465099646
0.0765986363481995,0.01196018382951
0.0766282251552589,0.0114611947255352
0.0762404576958391,0.0106871301974885
0.0762698622642137,0.0101886330606877
0.0758824938836201,0.0094154130129867
0.0754951964637499,0.0086416936737676
0.0755247001336867,0.0081423562511974
0.0755541602799978,0.0076432905694102
0.0755838250941768,0.0071443402909664
0.0751957633086939,0.006369983185718
0.0748080988205455,0.0055959030579344
0.0748378315255107,0.0050970142236218
0.0748674347613623,0.004598035890193
0.0744796171708021,0.0038238501974932
0.0745091936760294,0.0033248045685184
0.0741213995901752,0.0025506307249965
0.0741512285551677,0.0020522189157558
0.073999999999976,0.0
0.074181837888433,0.0015546367237222
0.0784999999999938,0.02
0.0780025919635856,0.01755088231331
0.0780334183308403,0.0170499162027673
0.0780727217513823,0.0165361155075844
0.0777331774451778,0.014780363673519
0.0769863899909921,0.0127339570923418
0.0770159851241514,0.0122353200742401
0.0766577905856028,0.0109622153895617
0.0762997292743709,0.0096902580966756
0.0759125832258552,0.0089169572705364
0.0756134395984846,0.0066453816160207
0.0752254619152902,0.0058710562482651
0.0748969939159888,0.0040989859106225
0.0745387770201253,0.0028257652836388
0.0742382313189115,0.0005133711362155
0.0742148418112635,0.0010554879733676
0.0787571076768339,0.0195248632827327
0.0784187305401469,0.0192126094661246
0.0783732051668903,0.018805475898053
0.0783904163922177,0.0183251697452468
0.0784200209941092,0.0178260673407548
0.0780913866452313,0.0160536511605011
0.0781529316150595,0.0155341305066486
0.0781699398130505,0.0150364696809325
0.0773453642482137,0.014006122604852
0.0777628409596828,0.0142798303822972
0.0773743754734059,0.013507716577004
0.0774035481778188,0.0130083374153667
0.0770455763431263,0.0117363115351517
0.0770751580452452,0.0112373064790533
0.0766872341992395,0.010463504683496
0.0767168372197106,0.0099650638981298
0.076329864558887,0.0091919189110321
0.0759421422926611,0.0084177920461871
0.0759716454719306,0.0079186048155891
0.076001201889597,0.0074194926539258
0.0760307953922153,0.0069205021145249
0.0756429272136527,0.0061463074295638
0.0752551793361844,0.005372130325052
0.0752848151296369,0.0048731803235993
0.0753143925276049,0.0043741359530007
0.0749265802477689,0.003599946493501
0.0749561648442469,0.0031009070277444
0.0745683260243938,0.002327204261129
0.0745976078353901,0.0018293397362656
0.074499999999978,0.0
0.0746238792736279,0.0013364811599899
0.0789999999999958,0.02
0.0784496249192765,0.0173269687835371
0.0784865718092341,0.0168166045679993
0.0785619844872303,0.0162674664674538
0.0781805998278801,0.0145476706150547
0.0774332879461347,0.0125103363243958
0.0774629444088731,0.012011439525824
0.0771047058098696,0.0107383137066427
0.0767470721936417,0.0094669338437
0.0763595649315374,0.0086930810718032
0.0760603713173946,0.0064214867921227
0.0756726080511705,0.0056473455774745
0.0753439714884626,0.0038750920564739
0.0749857667169911,0.0026018861343592
0.0747714684872738,0.0004108510371852
0.0746343328604274,0.0008700352563288
0.0792678575343293,0.0196159934533555
0.0787782545294036,0.0190495614489174
0.0787945031935052,0.018596315910215
0.0788182879917858,0.0180966194119772
0.0788657511279495,0.0175995415208195
0.0786436643013193,0.0157721166786568
0.0786350390739888,0.0152846414761434
0.0786443873365446,0.0147979619078566
0.0777910838438245,0.0137839338997177
0.0782097738949307,0.0140573785432512
0.0778177258084311,0.0132813715328649
0.0778487648594107,0.0127814561577431
0.0774925322771593,0.0115124039254351
0.0775221047700139,0.0110133615542807
0.0771342258956449,0.0102395582370738
0.077164075856055,0.0097411713933226
0.0767769163813194,0.0089682124263586
0.0763891057316796,0.0081939141409323
0.0764183896020649,0.0076947839094088
0.0764479821798391,0.0071956911570602
0.0764775622860407,0.0066966999303547
0.0760899792999868,0.0059224811148216
0.0757021918271675,0.0051483174304945
0.0757317763389221,0.0046492829540989
0.0757613635312568,0.0041502385830163
0.0753735542462064,0.0033760504386296
0.0754031320353949,0.0028770224029505
0.0750151764285134,0.0021033847717577
0.0750443043506755,0.0016053485626799
0.07499999999998,0.0
0.0750517230830492,0.001133642907561
0.0794999999999979,0.02
0.0791189045890924,0.0192425690491325
0.0788837677406325,0.0171218458193464
0.0789262642251183,0.0166039432625958
0.079111324845365,0.0160851746368599
0.0786244581096407,0.0143254749802331
0.0778803177849837,0.0122865564379289
0.0779099152320611,0.0117875337549061
0.0775516760611198,0.0105142468896174
0.0771940150514335,0.0092428375597518
0.0768066992396764,0.0084692036625891
0.0765072062057291,0.0061976487375216
0.076119569775662,0.0054234573031789
0.0757909457976036,0.0036511927037306
0.075432685969034,0.0023780614888998
0.0752577493044842,0.000405873557225
0.0750429406940224,0.0007354032119269
0.0796365203677219,0.0196365203677215
0.0795562055231606,0.0192290738051905
0.0792253014547779,0.018875560216311
0.0792159542383887,0.0183965769729419
0.0792368916396851,0.0179086915359825
0.0792762208713629,0.0174295956804055
0.0791339768591881,0.0155000039195768
0.0791053888646841,0.0150258620028459
0.0790953585576999,0.0145468213887318
0.0782344350521814,0.0135454778864489
0.0786536517291835,0.0138120967810255
0.078259244054914,0.0130498825601807
0.0782892488456427,0.0125552097771442
0.0779394948636365,0.0112884707033946
0.077969077632306,0.010789399939188
0.0775812721010322,0.0100153035720378
0.0776110326748669,0.0095173312492426
0.077223836793538,0.0087443377621561
0.0768360184822398,0.0079701004226998
0.0768643838571034,0.0074709002662454
0.0768934547910365,0.0069718555731662
0.0769237859478491,0.0064728660453619
0.0765369558156116,0.005698621498104
0.0761491611343817,0.0049244255527532
0.0761787537095244,0.0044253848746557
0.0762083432557558,0.003926337552195
0.0758205259415891,0.0031521399961833
0.0758500944943023,0.0026530893318869
0.0754622808649961,0.0018790150779269
0.0754888535840764,0.0013876820747356
0.075499999999982,0.0
0.0754994297348772,0.0008566133013343
0.08,0.02
0.0792698097132524,0.0169559232242465
0.0793015151694529,0.0165288995543526
0.0795669871537798,0.0157500015565025
0.0790824428358702,0.0140850408849307
0.0783273133404119,0.0120626822114631
0.0783569047865553,0.0115636220430382
0.0779986624218561,0.0102903416548305
0.0776411945130165,0.0090189872772487
0.077254830629019,0.0082453771170961
0.0769540803474107,0.0059738853381536
0.076566521715414,0.0051996010507664
0.0762379292662322,0.0034272849174987
0.0758796808241567,0.0021540263974458
0.0757535753342298,0.0004168132218711
0.08,0.019499999999998
0.0795949489840776,0.0186968377706982
0.0796257921665009,0.0182054369924677
0.0796481542831495,0.0177254433581939
0.0796489746758424,0.0172379873194845
0.0795983009056087,0.0162499226006463
0.0795669841691688,0.0152500054194812
0.0795565871915146,0.0147757379052855
0.0795485694959896,0.0142792840492536
0.0786779142517968,0.0133005971850205
0.0791064602277286,0.0135401588329333
0.0786995095345729,0.0128098110076262
0.0787352607921069,0.0123278916570537
0.0783864899752866,0.0110645580101277
0.0784160730254441,0.0105654920116567
0.0780282749768345,0.0097913761175137
0.0780564602751854,0.009294941556845
0.0776724183833825,0.0085204777774186
0.0772822865733277,0.0077462055804607
0.0773060488674894,0.007246805085889
0.0773366986906637,0.0067478129643957
0.077368877485687,0.0062489100711382
0.0769836901435618,0.0054747964589581
0.0765961443190264,0.0047005390593522
0.0766256663335883,0.0042014901005919
0.0766553368084466,0.0037024353324564
0.0762674975772132,0.0029282058525901
0.0762970753019958,0.0024291269779917
0.0759092543619369,0.0016549152448501
0.0759441068383383,0.0011720638823361
0.075999999999984,0.0
0.08,0.018999999999996
0.07960187615792,0.0167495340474146
0.08,0.0159999999999894
0.08,0.0154999999999874
0.079557028390853,0.0137681041166019
0.0787743212742466,0.0118387789164291
0.0787848244368998,0.0113326905738778
0.0784456574387672,0.0100664262864815
0.0780835470510023,0.0088138211344009
0.0777095419879513,0.0080219439457219
0.0773983064941207,0.0057498252113523
0.0770133157521878,0.0049757461608858
0.0766849229239782,0.0032033660729037
0.076326653405632,0.0019300374281193
0.0759746218933708,0.0007569935645845
0.0762499999999864,0.0004330127018945
0.08,0.018499999999994
0.08,0.0179999999999951
0.08,0.0174999999999954
0.08,0.0169999999999934
0.08,0.0164999999999914
0.08,0.0149999999999871
0.08,0.0144999999999868
0.08,0.0139999999999848
0.0791314155457208,0.0130093595269439
0.0795668619543233,0.0132545449956489
0.0791588596852463,0.0125353878885686
0.0791876959949195,0.0120560929756141
0.0788252389222797,0.0108401566869656
0.0788484011879515,0.0103407105398726
0.0784753328798311,0.0095675432454664
0.0784956458332807,0.0090792425800545
0.0781437930957796,0.0083367898915687
0.0777321579223322,0.0075224830802694
0.07772570785938,0.0070212938475445
0.0777590731200374,0.0065224596240731
0.0778043752080021,0.0060243235803456
0.0774279592014646,0.0052507538758048
0.0770426724843825,0.004476640850762
0.077072747424394,0.0039776029341299
0.0771023403726659,0.0034785275709305
0.0767145041112287,0.0027042861978156
0.0767440866697091,0.002205200210015
0.0763562310148997,0.0014309379597715
0.0764259975594224,0.0009064647154865
0.076499999999986,0.0
0.08,0.0134999999999828
0.0792022049356557,0.0115783875141707
0.0791801757118848,0.0110923476494658
0.0788816249867666,0.0098418655258791
0.0784718273865964,0.0086563440256295
0.0782004324520107,0.0078155002322098
0.0778329260864976,0.0055251896252529
0.0774579229613113,0.0047516979275127
0.0771319301528045,0.0029794499063665
0.0767736692998789,0.0017061059461468
0.0767288916030233,0.0004326225088804
0.0795761905014087,0.0127591721641929
0.08,0.0129999999999823
0.0796230857427492,0.0122499999999805
0.0796125352285753,0.011770483680664
0.0791954173924897,0.0105875554046848
0.0792008467175953,0.0100986489100314
0.078909322083281,0.0093426707145569
0.0789351699510598,0.0088018806933643
0.0787009810018595,0.0082499858287588
0.0782140844445866,0.0072824371114455
0.0780505616194994,0.0067907249352699
0.0781640250499747,0.0063417938437157
0.0782948431945815,0.0058428105952861
0.077862514422056,0.0050261116881915
0.0774901668383935,0.0042527721343686
0.0775197570009283,0.0037536936544133
0.0775489750973156,0.0032545900810313
0.0771615176545112,0.0024803650084032
0.0771877042280667,0.001986600737909
0.0768159395694495,0.0012471448588324
0.076999999999988,0.0
0.0795985311357529,0.0112875824279066
0.0795872419774752,0.0107992853346024
0.0792189131346746,0.0095949473826119
0.0786963456005483,0.0077321223586367
0.0782472436778808,0.0052898323393737
0.0778916849969899,0.004527003407793
0.0775789464714024,0.0027555313949731
0.0771995432383294,0.0015265494444863
0.076991539453119,0.0008111066243299
0.0772340587302226,0.0004233288988127
0.08,0.0124999999999815
0.08,0.0119999999999795
0.08,0.0114999999999775
0.0795837205877014,0.010286871456829
0.0795952775508068,0.0097991500027446
0.0792176347149957,0.0091105134615257
0.0791677430862502,0.0084128645582376
0.0791389603582912,0.0079913796572085
0.0787559272939909,0.0072079612707665
0.0784460598051361,0.0067917044658036
0.0786167303149588,0.0063419593658375
0.0787084553196044,0.0054230264385755
0.078265995118849,0.0048289761190463
0.0779235521136814,0.0040280526795126
0.077964503690881,0.0035296450148952
0.0779955533351672,0.003030962810722
0.0776085368062863,0.002256439308371
0.0776177307359338,0.0017893170487353
0.0772046874507785,0.0011413919364049
0.07749999999999,0.0
0.08,0.0109999999999769
0.08,0.0104999999999762
0.0795926597874837,0.0092868473043483
0.0794966146367629,0.0087710728270571
0.0791432953275563,0.0075132738772827
0.0788542858881385,0.0058776261777772
0.078596649332062,0.0050426726322559
0.0783125273890878,0.0043362516883297
0.0780259733198417,0.0025316095760958
0.0776544325532268,0.0013112370178152
0.077451543524359,0.0008394495042146
0.0777245829655671,0.0004632171227106
0.08,0.0099999999999745
0.08,0.0094999999999765
0.0795669894832775,0.0082500037847992
0.0795669870217877,0.0077500044126898
0.0789269760990714,0.0067583834122942
0.0791848887540274,0.0070882119764565
0.0791162880775368,0.0063191014814971
0.0791823891062538,0.005494806186742
0.079076987886256,0.0050252857689216
0.0786845646577198,0.0046462424953626
0.0783511352280385,0.0038322955017875
0.0784091346000166,0.003312413154905
0.0784411354957216,0.0028085319034799
0.0780417119571562,0.0020535230029131
0.0780020400542211,0.0016594848228794
0.077999999999992,0.0
0.08,0.0089999999999769
0.08,0.0084999999999778
0.0795669782798186,0.0072500080507061
0.0792792576401272,0.0059320752623604
0.0787582322192484,0.0041549399264761
0.0784593681599275,0.002318172081043
0.0782053387425556,0.0013242647442739
0.0779449246687059,0.0009124655075391
0.0782324773594485,0.0004540088715386
0.08,0.0079999999999802
0.08,0.0074999999999817
0.079475038034993,0.0067464138457148
0.0795923590775731,0.0062079317649216
0.0796558848273816,0.0057424586488523
0.0795915980355075,0.0052410259808428
0.0791518819672142,0.0044953046359542
0.0787960169897365,0.0036502000819955
0.0788445105887859,0.0031297154038701
0.0788904522386789,0.0025828683875813
0.0784774236458235,0.0017932284852484
0.078499999999994,0.0
0.08,0.0069999999999831
0.0795740734367842,0.004747721577794
0.0791759975634177,0.0039718365049395
0.0788101725351978,0.0021185317393085
0.0784384564016597,0.0009023504034565
0.0787310748562949,0.0013271400202092
0.0787335993350536,0.0004407054541771
0.08,0.0064999999999845
0.08,0.0059999999999861
0.08,0.0054999999999877
0.08,0.0049999999999891
0.0795669871859238,0.0042499988500178
0.0792144514022546,0.0034704466427516
0.0792353503002027,0.0029557582759888
0.0792236168236787,0.0021663439096655
0.0790000018078803,0.0017320458330045
0.078999999999996,0.0
0.08,0.0044999999999905
0.0795857827754658,0.0037499998083307
0.0793254721593838,0.0025450567256763
0.0789837865148908,0.0008715002538838
0.0792499999999938,0.0012990360181065
0.0792306622492282,0.0004218480462817
0.08,0.0039999999999921
0.0795766431317409,0.0032499999999945
0.0796271178190055,0.002757359888816
0.0796508236153531,0.0022629531663302
0.0795557281835819,0.0017453977991037
0.079499999999998,0.0
0.08,0.0034999999999941
0.0795376410008965,0.0008154871031502
0.0796660034082734,0.0012557226634905
0.0796339745962141,0.0003660254037851
0.08,0.0029999999999949
0.08,0.0024999999999959
0.08,0.001999999999997
0.08,0.0014999999999978
0.08,0.0
0.08,0.0009999999999979
0.08,0.0004999999999981
